0,0.0003
0,0.0005
0,0.0008
0,0.001
0,0.0012
0,0.0015
0,0.0017
0,0.0019
0,0.0022
0,0.0024
0,0.0027
0,0.0029
0,0.0031
0,0.0034
0,0.0036
0,0.0038
0.0006,0.0038
0.0006,0.0041
0.0006,0.0043
0.0006,0.0046
0.0006,0.0048
0.0006,0.005
0.0006,0.0053
0.0006,0.0055
0.0006,0.0057
0.0006,0.006
0.0006,0.0062
0.0006,0.0064
0.0006,0.0067
0.0006,0.0069
0.0006,0.0072
0.0006,0.0074
0.0006,0.0076
0.0006,0.0079
0.0006,0.0081
0.0006,0.0083
0.0006,0.0086
0.0006,0.0088
0.0006,0.0091
0.0006,0.0093
0.0006,0.0095
0.0006,0.0098
0.0006,0.01
0.0006,0.0102
0.0006,0.0105
0.0006,0.0107
0.0006,0.0109
0.0006,0.0112
0.0006,0.0114
0.0006,0.0117
0.0006,0.0119
0.0006,0.0121
0.0006,0.0124
0.0011,0.0124
0.0016,0.0124
0.0016,0.0126
0.0016,0.0128
0.0016,0.0131
0.0016,0.0133
0.0016,0.0136
0.0016,0.0138
0.0016,0.014
0.0016,0.0143
0.0016,0.0145
0.0016,0.0147
0.0016,0.015
0.0016,0.0152
0.0016,0.0154
0.0016,0.0157
0.0016,0.0159
0.0016,0.0162
0.0021,0.0162
0.0021,0.0164
0.0021,0.0166
0.0021,0.0169
0.0026,0.0169
0.0026,0.0171
0.0026,0.0173
0.0026,0.0176
0.0031,0.0176
0.0031,0.0178
0.0031,0.0181
0.0036,0.0181
0.0036,0.0183
0.0036,0.0185
0.0036,0.0188
0.0036,0.019
0.0036,0.0192
0.0041,0.0192
0.0041,0.0195
0.0041,0.0197
0.0046,0.0197
0.0046,0.0199
0.0046,0.0202
0.0046,0.0204
0.0046,0.0207
0.0046,0.0209
0.0046,0.0211
0.0046,0.0214
0.0046,0.0216
0.0046,0.0218
0.0046,0.0221
0.0051,0.0221
0.0051,0.0223
0.0051,0.0226
0.0051,0.0228
0.0051,0.023
0.0051,0.0233
0.0051,0.0235
0.0051,0.0237
0.0051,0.024
0.0051,0.0242
0.0051,0.0244
0.0051,0.0247
0.0051,0.0249
0.0051,0.0252
0.0056,0.0252
0.0056,0.0254
0.0061,0.0254
0.0061,0.0256
0.0061,0.0259
0.0061,0.0261
0.0066,0.0261
0.0066,0.0263
0.0066,0.0266
0.0066,0.0268
0.0066,0.0271
0.0066,0.0273
0.0066,0.0275
0.0066,0.0278
0.0066,0.028
0.0066,0.0282
0.0066,0.0285
0.0066,0.0287
0.0066,0.0289
0.0072,0.0289
0.0072,0.0292
0.0072,0.0294
0.0072,0.0297
0.0072,0.0299
0.0072,0.0301
0.0072,0.0304
0.0072,0.0306
0.0072,0.0308
0.0072,0.0311
0.0072,0.0313
0.0072,0.0316
0.0072,0.0318
0.0072,0.032
0.0072,0.0323
0.0072,0.0325
0.0072,0.0327
0.0072,0.033
0.0072,0.0332
0.0077,0.0332
0.0077,0.0334
0.0082,0.0334
0.0082,0.0337
0.0087,0.0337
0.0087,0.0339
0.0087,0.0342
0.0087,0.0344
0.0087,0.0346
0.0087,0.0349
0.0087,0.0351
0.0087,0.0353
0.0087,0.0356
0.0087,0.0358
0.0087,0.0361
0.0087,0.0363
0.0087,0.0365
0.0087,0.0368
0.0087,0.037
0.0087,0.0372
0.0087,0.0375
0.0087,0.0377
0.0092,0.0377
0.0092,0.0379
0.0092,0.0382
0.0092,0.0384
0.0092,0.0387
0.0092,0.0389
0.0092,0.0391
0.0092,0.0394
0.0097,0.0394
0.0097,0.0396
0.0097,0.0398
0.0097,0.0401
0.0097,0.0403
0.0097,0.0406
0.0097,0.0408
0.0097,0.041
0.0097,0.0413
0.0097,0.0415
0.0097,0.0417
0.0097,0.042
0.0097,0.0422
0.0097,0.0424
0.0097,0.0427
0.0102,0.0427
0.0102,0.0429
0.0107,0.0429
0.0107,0.0432
0.0107,0.0434
0.0107,0.0436
0.0107,0.0439
0.0112,0.0439
0.0112,0.0441
0.0117,0.0441
0.0122,0.0441
0.0122,0.0443
0.0122,0.0446
0.0122,0.0448
0.0122,0.0451
0.0122,0.0453
0.0122,0.0455
0.0122,0.0458
0.0122,0.046
0.0122,0.0462
0.0122,0.0465
0.0122,0.0467
0.0122,0.0469
0.0122,0.0472
0.0122,0.0474
0.0127,0.0474
0.0127,0.0477
0.0127,0.0479
0.0127,0.0481
0.0127,0.0484
0.0127,0.0486
0.0127,0.0488
0.0127,0.0491
0.0127,0.0493
0.0127,0.0496
0.0132,0.0496
0.0132,0.0498
0.0132,0.05
0.0132,0.0503
0.0137,0.0503
0.0137,0.0505
0.0137,0.0507
0.0137,0.051
0.0137,0.0512
0.0137,0.0514
0.0137,0.0517
0.0137,0.0519
0.0137,0.0522
0.0137,0.0524
0.0137,0.0526
0.0137,0.0529
0.0143,0.0529
0.0143,0.0531
0.0143,0.0533
0.0143,0.0536
0.0143,0.0538
0.0143,0.0541
0.0143,0.0543
0.0148,0.0543
0.0148,0.0545
0.0153,0.0545
0.0153,0.0548
0.0153,0.055
0.0153,0.0552
0.0153,0.0555
0.0153,0.0557
0.0153,0.0559
0.0158,0.0559
0.0158,0.0562
0.0158,0.0564
0.0158,0.0567
0.0158,0.0569
0.0158,0.0571
0.0158,0.0574
0.0158,0.0576
0.0158,0.0578
0.0158,0.0581
0.0158,0.0583
0.0158,0.0586
0.0158,0.0588
0.0158,0.059
0.0158,0.0593
0.0158,0.0595
0.0158,0.0597
0.0158,0.06
0.0158,0.0602
0.0158,0.0604
0.0158,0.0607
0.0158,0.0609
0.0158,0.0612
0.0158,0.0614
0.0158,0.0616
0.0158,0.0619
0.0158,0.0621
0.0158,0.0623
0.0158,0.0626
0.0158,0.0628
0.0158,0.0631
0.0158,0.0633
0.0158,0.0635
0.0163,0.0635
0.0163,0.0638
0.0163,0.064
0.0163,0.0642
0.0163,0.0645
0.0163,0.0647
0.0168,0.0647
0.0168,0.0649
0.0168,0.0652
0.0168,0.0654
0.0168,0.0657
0.0168,0.0659
0.0168,0.0661
0.0168,0.0664
0.0168,0.0666
0.0168,0.0668
0.0168,0.0671
0.0168,0.0673
0.0168,0.0676
0.0168,0.0678
0.0168,0.068
0.0168,0.0683
0.0168,0.0685
0.0168,0.0687
0.0173,0.0687
0.0173,0.069
0.0178,0.069
0.0178,0.0692
0.0178,0.0694
0.0178,0.0697
0.0178,0.0699
0.0178,0.0702
0.0178,0.0704
0.0178,0.0706
0.0178,0.0709
0.0178,0.0711
0.0178,0.0713
0.0178,0.0716
0.0183,0.0716
0.0183,0.0718
0.0183,0.0721
0.0183,0.0723
0.0183,0.0725
0.0183,0.0728
0.0183,0.073
0.0183,0.0732
0.0183,0.0735
0.0183,0.0737
0.0183,0.0739
0.0188,0.0739
0.0188,0.0742
0.0188,0.0744
0.0188,0.0747
0.0193,0.0747
0.0198,0.0747
0.0198,0.0749
0.0198,0.0751
0.0198,0.0754
0.0198,0.0756
0.0198,0.0758
0.0198,0.0761
0.0198,0.0763
0.0198,0.0766
0.0203,0.0766
0.0203,0.0768
0.0203,0.077
0.0203,0.0773
0.0203,0.0775
0.0203,0.0777
0.0203,0.078
0.0203,0.0782
0.0203,0.0784
0.0203,0.0787
0.0203,0.0789
0.0203,0.0792
0.0203,0.0794
0.0203,0.0796
0.0203,0.0799
0.0203,0.0801
0.0203,0.0803
0.0203,0.0806
0.0203,0.0808
0.0203,0.0811
0.0203,0.0813
0.0203,0.0815
0.0203,0.0818
0.0209,0.0818
0.0209,0.082
0.0214,0.082
0.0214,0.0822
0.0219,0.0822
0.0219,0.0825
0.0219,0.0827
0.0219,0.0829
0.0219,0.0832
0.0219,0.0834
0.0219,0.0837
0.0219,0.0839
0.0219,0.0841
0.0219,0.0844
0.0219,0.0846
0.0224,0.0846
0.0224,0.0848
0.0229,0.0848
0.0229,0.0851
0.0229,0.0853
0.0229,0.0856
0.0229,0.0858
0.0229,0.086
0.0229,0.0863
0.0229,0.0865
0.0229,0.0867
0.0229,0.087
0.0229,0.0872
0.0229,0.0874
0.0229,0.0877
0.0229,0.0879
0.0229,0.0882
0.0229,0.0884
0.0229,0.0886
0.0229,0.0889
0.0234,0.0889
0.0234,0.0891
0.0234,0.0893
0.0234,0.0896
0.0239,0.0896
0.0239,0.0898
0.0239,0.0901
0.0244,0.0901
0.0244,0.0903
0.0244,0.0905
0.0244,0.0908
0.0244,0.091
0.0249,0.091
0.0249,0.0912
0.0249,0.0915
0.0249,0.0917
0.0254,0.0917
0.0254,0.0919
0.0254,0.0922
0.0254,0.0924
0.0254,0.0927
0.0254,0.0929
0.0254,0.0931
0.0254,0.0934
0.0254,0.0936
0.0254,0.0938
0.0254,0.0941
0.0254,0.0943
0.0254,0.0946
0.0254,0.0948
0.0254,0.095
0.0254,0.0953
0.0254,0.0955
0.0254,0.0957
0.0254,0.096
0.0254,0.0962
0.0254,0.0964
0.0259,0.0964
0.0264,0.0964
0.0264,0.0967
0.0264,0.0969
0.0264,0.0972
0.0269,0.0972
0.0269,0.0974
0.0269,0.0976
0.0269,0.0979
0.0274,0.0979
0.0274,0.0981
0.0274,0.0983
0.0274,0.0986
0.0274,0.0988
0.0274,0.0991
0.0274,0.0993
0.0274,0.0995
0.0274,0.0998
0.028,0.0998
0.028,0.1
0.028,0.1002
0.028,0.1005
0.028,0.1007
0.028,0.101
0.028,0.1012
0.028,0.1014
0.028,0.1017
0.0285,0.1017
0.0285,0.1019
0.0285,0.1021
0.0285,0.1024
0.0285,0.1026
0.029,0.1026
0.029,0.1028
0.029,0.1031
0.029,0.1033
0.029,0.1036
0.0295,0.1036
0.0295,0.1038
0.0295,0.104
0.03,0.104
0.03,0.1043
0.03,0.1045
0.03,0.1047
0.03,0.105
0.03,0.1052
0.03,0.1055
0.03,0.1057
0.03,0.1059
0.03,0.1062
0.0305,0.1062
0.0305,0.1064
0.031,0.1064
0.031,0.1066
0.031,0.1069
0.031,0.1071
0.031,0.1073
0.031,0.1076
0.031,0.1078
0.031,0.1081
0.031,0.1083
0.031,0.1085
0.031,0.1088
0.031,0.109
0.031,0.1092
0.031,0.1095
0.031,0.1097
0.0315,0.1097
0.0315,0.11
0.0315,0.1102
0.0315,0.1104
0.0315,0.1107
0.0315,0.1109
0.0315,0.1111
0.0315,0.1114
0.0315,0.1116
0.0315,0.1118
0.0315,0.1121
0.0315,0.1123
0.032,0.1123
0.032,0.1126
0.032,0.1128
0.032,0.113
0.0325,0.113
0.0325,0.1133
0.0325,0.1135
0.0325,0.1137
0.0325,0.114
0.0325,0.1142
0.0325,0.1145
0.0325,0.1147
0.0325,0.1149
0.0325,0.1152
0.0325,0.1154
0.033,0.1154
0.033,0.1156
0.033,0.1159
0.033,0.1161
0.033,0.1163
0.033,0.1166
0.033,0.1168
0.0335,0.1168
0.0335,0.1171
0.0335,0.1173
0.0335,0.1175
0.0335,0.1178
0.0335,0.118
0.0335,0.1182
0.0335,0.1185
0.0335,0.1187
0.0335,0.119
0.0335,0.1192
0.0335,0.1194
0.0335,0.1197
0.0335,0.1199
0.034,0.1199
0.034,0.1201
0.034,0.1204
0.034,0.1206
0.0346,0.1206
0.0351,0.1206
0.0351,0.1208
0.0351,0.1211
0.0351,0.1213
0.0356,0.1213
0.0356,0.1216
0.0361,0.1216
0.0361,0.1218
0.0361,0.122
0.0361,0.1223
0.0361,0.1225
0.0361,0.1227
0.0361,0.123
0.0361,0.1232
0.0361,0.1235
0.0361,0.1237
0.0361,0.1239
0.0361,0.1242
0.0361,0.1244
0.0361,0.1246
0.0361,0.1249
0.0361,0.1251
0.0361,0.1253
0.0361,0.1256
0.0361,0.1258
0.0366,0.1258
0.0366,0.1261
0.0366,0.1263
0.0371,0.1263
0.0371,0.1265
0.0371,0.1268
0.0371,0.127
0.0371,0.1272
0.0371,0.1275
0.0371,0.1277
0.0371,0.128
0.0376,0.128
0.0376,0.1282
0.0376,0.1284
0.0376,0.1287
0.0376,0.1289
0.0376,0.1291
0.0381,0.1291
0.0386,0.1291
0.0386,0.1294
0.0391,0.1294
0.0391,0.1296
0.0391,0.1298
0.0391,0.1301
0.0391,0.1303
0.0391,0.1306
0.0391,0.1308
0.0391,0.131
0.0391,0.1313
0.0396,0.1313
0.0401,0.1313
0.0401,0.1315
0.0401,0.1317
0.0401,0.132
0.0401,0.1322
0.0401,0.1325
0.0401,0.1327
0.0406,0.1327
0.0406,0.1329
0.0411,0.1329
0.0411,0.1332
0.0417,0.1332
0.0417,0.1334
0.0417,0.1336
0.0417,0.1339
0.0417,0.1341
0.0417,0.1343
0.0422,0.1343
0.0422,0.1346
0.0422,0.1348
0.0427,0.1348
0.0427,0.1351
0.0427,0.1353
0.0427,0.1355
0.0427,0.1358
0.0427,0.136
0.0427,0.1362
0.0427,0.1365
0.0427,0.1367
0.0427,0.137
0.0427,0.1372
0.0432,0.1372
0.0432,0.1374
0.0432,0.1377
0.0432,0.1379
0.0432,0.1381
0.0437,0.1381
0.0437,0.1384
0.0437,0.1386
0.0437,0.1388
0.0437,0.1391
0.0437,0.1393
0.0437,0.1396
0.0437,0.1398
0.0437,0.14
0.0437,0.1403
0.0437,0.1405
0.0437,0.1407
0.0437,0.141
0.0437,0.1412
0.0437,0.1415
0.0437,0.1417
0.0437,0.1419
0.0437,0.1422
0.0442,0.1422
0.0442,0.1424
0.0442,0.1426
0.0447,0.1426
0.0447,0.1429
0.0447,0.1431
0.0447,0.1433
0.0447,0.1436
0.0447,0.1438
0.0447,0.1441
0.0447,0.1443
0.0447,0.1445
0.0447,0.1448
0.0447,0.145
0.0447,0.1452
0.0447,0.1455
0.0447,0.1457
0.0447,0.146
0.0447,0.1462
0.0447,0.1464
0.0452,0.1464
0.0452,0.1467
0.0452,0.1469
0.0452,0.1471
0.0452,0.1474
0.0452,0.1476
0.0452,0.1478
0.0452,0.1481
0.0452,0.1483
0.0452,0.1486
0.0452,0.1488
0.0452,0.149
0.0452,0.1493
0.0452,0.1495
0.0452,0.1497
0.0457,0.1497
0.0457,0.15
0.0457,0.1502
0.0457,0.1505
0.0457,0.1507
0.0457,0.1509
0.0457,0.1512
0.0457,0.1514
0.0457,0.1516
0.0457,0.1519
0.0457,0.1521
0.0457,0.1523
0.0457,0.1526
0.0457,0.1528
0.0457,0.1531
0.0457,0.1533
0.0457,0.1535
0.0457,0.1538
0.0457,0.154
0.0462,0.154
0.0467,0.154
0.0467,0.1542
0.0467,0.1545
0.0467,0.1547
0.0467,0.155
0.0467,0.1552
0.0467,0.1554
0.0467,0.1557
0.0467,0.1559
0.0467,0.1561
0.0467,0.1564
0.0467,0.1566
0.0467,0.1568
0.0467,0.1571
0.0467,0.1573
0.0467,0.1576
0.0467,0.1578
0.0472,0.1578
0.0472,0.158
0.0472,0.1583
0.0472,0.1585
0.0472,0.1587
0.0477,0.1587
0.0482,0.1587
0.0482,0.159
0.0482,0.1592
0.0488,0.1592
0.0493,0.1592
0.0493,0.1595
0.0493,0.1597
0.0493,0.1599
0.0493,0.1602
0.0493,0.1604
0.0493,0.1606
0.0493,0.1609
0.0493,0.1611
0.0493,0.1613
0.0493,0.1616
0.0493,0.1618
0.0493,0.1621
0.0493,0.1623
0.0493,0.1625
0.0493,0.1628
0.0493,0.163
0.0493,0.1632
0.0498,0.1632
0.0498,0.1635
0.0503,0.1635
0.0503,0.1637
0.0503,0.164
0.0503,0.1642
0.0503,0.1644
0.0508,0.1644
0.0508,0.1647
0.0508,0.1649
0.0508,0.1651
0.0508,0.1654
0.0508,0.1656
0.0508,0.1658
0.0508,0.1661
0.0508,0.1663
0.0508,0.1666
0.0508,0.1668
0.0508,0.167
0.0508,0.1673
0.0508,0.1675
0.0508,0.1677
0.0508,0.168
0.0508,0.1682
0.0508,0.1685
0.0508,0.1687
0.0508,0.1689
0.0508,0.1692
0.0508,0.1694
0.0508,0.1696
0.0508,0.1699
0.0508,0.1701
0.0508,0.1703
0.0508,0.1706
0.0508,0.1708
0.0508,0.1711
0.0508,0.1713
0.0513,0.1713
0.0518,0.1713
0.0518,0.1715
0.0518,0.1718
0.0523,0.1718
0.0523,0.172
0.0523,0.1722
0.0528,0.1722
0.0533,0.1722
0.0533,0.1725
0.0533,0.1727
0.0533,0.173
0.0533,0.1732
0.0533,0.1734
0.0533,0.1737
0.0533,0.1739
0.0533,0.1741
0.0533,0.1744
0.0533,0.1746
0.0533,0.1748
0.0533,0.1751
0.0533,0.1753
0.0533,0.1756
0.0533,0.1758
0.0533,0.176
0.0533,0.1763
0.0533,0.1765
0.0533,0.1767
0.0533,0.177
0.0533,0.1772
0.0533,0.1775
0.0533,0.1777
0.0538,0.1777
0.0538,0.1779
0.0538,0.1782
0.0538,0.1784
0.0538,0.1786
0.0538,0.1789
0.0538,0.1791
0.0538,0.1793
0.0538,0.1796
0.0538,0.1798
0.0538,0.1801
0.0538,0.1803
0.0538,0.1805
0.0538,0.1808
0.0538,0.181
0.0538,0.1812
0.0538,0.1815
0.0538,0.1817
0.0538,0.182
0.0538,0.1822
0.0538,0.1824
0.0538,0.1827
0.0538,0.1829
0.0538,0.1831
0.0538,0.1834
0.0538,0.1836
0.0538,0.1838
0.0538,0.1841
0.0538,0.1843
0.0538,0.1846
0.0538,0.1848
0.0538,0.185
0.0538,0.1853
0.0538,0.1855
0.0538,0.1857
0.0538,0.186
0.0538,0.1862
0.0538,0.1865
0.0538,0.1867
0.0543,0.1867
0.0543,0.1869
0.0548,0.1869
0.0548,0.1872
0.0548,0.1874
0.0548,0.1876
0.0554,0.1876
0.0554,0.1879
0.0554,0.1881
0.0554,0.1883
0.0554,0.1886
0.0554,0.1888
0.0554,0.1891
0.0554,0.1893
0.0559,0.1893
0.0559,0.1895
0.0559,0.1898
0.0564,0.1898
0.0564,0.19
0.0564,0.1902
0.0564,0.1905
0.0564,0.1907
0.0564,0.191
0.0564,0.1912
0.0564,0.1914
0.0564,0.1917
0.0564,0.1919
0.0564,0.1921
0.0564,0.1924
0.0564,0.1926
0.0564,0.1928
0.0564,0.1931
0.0564,0.1933
0.0564,0.1936
0.0564,0.1938
0.0564,0.194
0.0564,0.1943
0.0564,0.1945
0.0564,0.1947
0.0564,0.195
0.0564,0.1952
0.0564,0.1955
0.0564,0.1957
0.0569,0.1957
0.0569,0.1959
0.0569,0.1962
0.0574,0.1962
0.0574,0.1964
0.0579,0.1964
0.0584,0.1964
0.0584,0.1966
0.0584,0.1969
0.0584,0.1971
0.0584,0.1973
0.0584,0.1976
0.0584,0.1978
0.0584,0.1981
0.0584,0.1983
0.0584,0.1985
0.0584,0.1988
0.0584,0.199
0.0584,0.1992
0.0584,0.1995
0.0584,0.1997
0.0584,0.2
0.0584,0.2002
0.0584,0.2004
0.0584,0.2007
0.0589,0.2007
0.0589,0.2009
0.0589,0.2011
0.0589,0.2014
0.0589,0.2016
0.0589,0.2019
0.0589,0.2021
0.0589,0.2023
0.0589,0.2026
0.0589,0.2028
0.0589,0.203
0.0589,0.2033
0.0589,0.2035
0.0589,0.2037
0.0589,0.204
0.0589,0.2042
0.0589,0.2045
0.0589,0.2047
0.0589,0.2049
0.0589,0.2052
0.0589,0.2054
0.0589,0.2056
0.0589,0.2059
0.0589,0.2061
0.0589,0.2064
0.0589,0.2066
0.0589,0.2068
0.0589,0.2071
0.0589,0.2073
0.0589,0.2075
0.0589,0.2078
0.0594,0.2078
0.0594,0.208
0.0594,0.2082
0.0594,0.2085
0.0594,0.2087
0.0599,0.2087
0.0599,0.209
0.0599,0.2092
0.0604,0.2092
0.0604,0.2094
0.0604,0.2097
0.0604,0.2099
0.0604,0.2101
0.0604,0.2104
0.0604,0.2106
0.0604,0.2109
0.0604,0.2111
0.0604,0.2113
0.0604,0.2116
0.0604,0.2118
0.0604,0.212
0.0604,0.2123
0.0609,0.2123
0.0609,0.2125
0.0609,0.2127
0.0614,0.2127
0.0614,0.213
0.0614,0.2132
0.0614,0.2135
0.0619,0.2135
0.0625,0.2135
0.0625,0.2137
0.0625,0.2139
0.0625,0.2142
0.0625,0.2144
0.0625,0.2146
0.0625,0.2149
0.0625,0.2151
0.0625,0.2154
0.063,0.2154
0.063,0.2156
0.063,0.2158
0.063,0.2161
0.0635,0.2161
0.0635,0.2163
0.0635,0.2165
0.0635,0.2168
0.064,0.2168
0.064,0.217
0.0645,0.217
0.0645,0.2172
0.0645,0.2175
0.065,0.2175
0.065,0.2177
0.065,0.218
0.065,0.2182
0.065,0.2184
0.065,0.2187
0.065,0.2189
0.065,0.2191
0.0655,0.2191
0.0655,0.2194
0.0655,0.2196
0.0655,0.2199
0.0655,0.2201
0.066,0.2201
0.066,0.2203
0.066,0.2206
0.066,0.2208
0.066,0.221
0.066,0.2213
0.066,0.2215
0.066,0.2217
0.066,0.222
0.0665,0.222
0.0665,0.2222
0.0665,0.2225
0.0665,0.2227
0.0665,0.2229
0.0665,0.2232
0.0665,0.2234
0.0665,0.2236
0.0665,0.2239
0.0665,0.2241
0.0665,0.2244
0.0665,0.2246
0.067,0.2246
0.067,0.2248
0.067,0.2251
0.067,0.2253
0.067,0.2255
0.067,0.2258
0.067,0.226
0.067,0.2262
0.067,0.2265
0.067,0.2267
0.067,0.227
0.0675,0.227
0.0675,0.2272
0.068,0.2272
0.068,0.2274
0.068,0.2277
0.068,0.2279
0.068,0.2281
0.068,0.2284
0.068,0.2286
0.068,0.2289
0.068,0.2291
0.068,0.2293
0.068,0.2296
0.068,0.2298
0.068,0.23
0.068,0.2303
0.068,0.2305
0.068,0.2307
0.068,0.231
0.068,0.2312
0.068,0.2315
0.068,0.2317
0.068,0.2319
0.068,0.2322
0.068,0.2324
0.0685,0.2324
0.0685,0.2326
0.0685,0.2329
0.0685,0.2331
0.0685,0.2334
0.0691,0.2334
0.0696,0.2334
0.0696,0.2336
0.0696,0.2338
0.0696,0.2341
0.0696,0.2343
0.0696,0.2345
0.0696,0.2348
0.0696,0.235
0.0696,0.2352
0.0696,0.2355
0.0696,0.2357
0.0696,0.236
0.0696,0.2362
0.0701,0.2362
0.0701,0.2364
0.0701,0.2367
0.0701,0.2369
0.0706,0.2369
0.0706,0.2371
0.0706,0.2374
0.0711,0.2374
0.0711,0.2376
0.0711,0.2379
0.0716,0.2379
0.0716,0.2381
0.0716,0.2383
0.0716,0.2386
0.0716,0.2388
0.0721,0.2388
0.0721,0.239
0.0721,0.2393
0.0721,0.2395
0.0721,0.2397
0.0721,0.24
0.0721,0.2402
0.0721,0.2405
0.0721,0.2407
0.0721,0.2409
0.0721,0.2412
0.0721,0.2414
0.0721,0.2416
0.0726,0.2416
0.0726,0.2419
0.0731,0.2419
0.0731,0.2421
0.0731,0.2424
0.0736,0.2424
0.0736,0.2426
0.0736,0.2428
0.0736,0.2431
0.0736,0.2433
0.0741,0.2433
0.0741,0.2435
0.0741,0.2438
0.0746,0.2438
0.0746,0.244
0.0746,0.2442
0.0746,0.2445
0.0746,0.2447
0.0746,0.245
0.0746,0.2452
0.0746,0.2454
0.0746,0.2457
0.0746,0.2459
0.0746,0.2461
0.0746,0.2464
0.0746,0.2466
0.0746,0.2469
0.0746,0.2471
0.0746,0.2473
0.0746,0.2476
0.0746,0.2478
0.0746,0.248
0.0746,0.2483
0.0746,0.2485
0.0751,0.2485
0.0756,0.2485
0.0756,0.2487
0.0762,0.2487
0.0762,0.249
0.0762,0.2492
0.0762,0.2495
0.0762,0.2497
0.0762,0.2499
0.0762,0.2502
0.0767,0.2502
0.0767,0.2504
0.0767,0.2506
0.0767,0.2509
0.0767,0.2511
0.0772,0.2511
0.0772,0.2514
0.0777,0.2514
0.0777,0.2516
0.0777,0.2518
0.0777,0.2521
0.0777,0.2523
0.0777,0.2525
0.0777,0.2528
0.0777,0.253
0.0777,0.2532
0.0777,0.2535
0.0777,0.2537
0.0777,0.254
0.0777,0.2542
0.0777,0.2544
0.0782,0.2544
0.0782,0.2547
0.0787,0.2547
0.0792,0.2547
0.0792,0.2549
0.0792,0.2551
0.0792,0.2554
0.0792,0.2556
0.0792,0.2559
0.0792,0.2561
0.0797,0.2561
0.0802,0.2561
0.0802,0.2563
0.0802,0.2566
0.0802,0.2568
0.0802,0.257
0.0802,0.2573
0.0802,0.2575
0.0802,0.2577
0.0802,0.258
0.0807,0.258
0.0807,0.2582
0.0807,0.2585
0.0807,0.2587
0.0807,0.2589
0.0807,0.2592
0.0807,0.2594
0.0807,0.2596
0.0807,0.2599
0.0807,0.2601
0.0807,0.2604
0.0807,0.2606
0.0807,0.2608
0.0807,0.2611
0.0807,0.2613
0.0807,0.2615
0.0807,0.2618
0.0807,0.262
0.0807,0.2622
0.0812,0.2622
0.0812,0.2625
0.0812,0.2627
0.0812,0.263
0.0812,0.2632
0.0812,0.2634
0.0812,0.2637
0.0812,0.2639
0.0812,0.2641
0.0812,0.2644
0.0812,0.2646
0.0812,0.2649
0.0812,0.2651
0.0812,0.2653
0.0812,0.2656
0.0812,0.2658
0.0812,0.266
0.0812,0.2663
0.0812,0.2665
0.0817,0.2665
0.0822,0.2665
0.0822,0.2667
0.0822,0.267
0.0822,0.2672
0.0822,0.2675
0.0822,0.2677
0.0822,0.2679
0.0822,0.2682
0.0822,0.2684
0.0822,0.2686
0.0822,0.2689
0.0822,0.2691
0.0827,0.2691
0.0827,0.2694
0.0827,0.2696
0.0827,0.2698
0.0827,0.2701
0.0827,0.2703
0.0827,0.2705
0.0827,0.2708
0.0827,0.271
0.0827,0.2712
0.0827,0.2715
0.0827,0.2717
0.0827,0.272
0.0827,0.2722
0.0827,0.2724
0.0827,0.2727
0.0827,0.2729
0.0827,0.2731
0.0827,0.2734
0.0827,0.2736
0.0827,0.2739
0.0827,0.2741
0.0827,0.2743
0.0827,0.2746
0.0833,0.2746
0.0838,0.2746
0.0838,0.2748
0.0838,0.275
0.0838,0.2753
0.0838,0.2755
0.0838,0.2757
0.0838,0.276
0.0838,0.2762
0.0843,0.2762
0.0843,0.2765
0.0848,0.2765
0.0848,0.2767
0.0848,0.2769
0.0848,0.2772
0.0848,0.2774
0.0848,0.2776
0.0848,0.2779
0.0848,0.2781
0.0848,0.2784
0.0853,0.2784
0.0853,0.2786
0.0853,0.2788
0.0853,0.2791
0.0853,0.2793
0.0853,0.2795
0.0853,0.2798
0.0853,0.28
0.0853,0.2802
0.0853,0.2805
0.0853,0.2807
0.0853,0.281
0.0858,0.281
0.0858,0.2812
0.0863,0.2812
0.0863,0.2814
0.0863,0.2817
0.0863,0.2819
0.0863,0.2821
0.0863,0.2824
0.0863,0.2826
0.0863,0.2829
0.0863,0.2831
0.0863,0.2833
0.0863,0.2836
0.0863,0.2838
0.0863,0.284
0.0863,0.2843
0.0863,0.2845
0.0863,0.2847
0.0868,0.2847
0.0868,0.285
0.0868,0.2852
0.0868,0.2855
0.0868,0.2857
0.0868,0.2859
0.0868,0.2862
0.0868,0.2864
0.0868,0.2866
0.0873,0.2866
0.0873,0.2869
0.0873,0.2871
0.0873,0.2874
0.0873,0.2876
0.0873,0.2878
0.0873,0.2881
0.0873,0.2883
0.0873,0.2885
0.0873,0.2888
0.0873,0.289
0.0873,0.2892
0.0873,0.2895
0.0873,0.2897
0.0878,0.2897
0.0883,0.2897
0.0883,0.29
0.0883,0.2902
0.0883,0.2904
0.0883,0.2907
0.0883,0.2909
0.0883,0.2911
0.0883,0.2914
0.0888,0.2914
0.0888,0.2916
0.0888,0.2919
0.0888,0.2921
0.0893,0.2921
0.0893,0.2923
0.0893,0.2926
0.0893,0.2928
0.0893,0.293
0.0893,0.2933
0.0899,0.2933
0.0899,0.2935
0.0899,0.2937
0.0899,0.294
0.0899,0.2942
0.0899,0.2945
0.0899,0.2947
0.0899,0.2949
0.0899,0.2952
0.0899,0.2954
0.0899,0.2956
0.0899,0.2959
0.0899,0.2961
0.0899,0.2964
0.0899,0.2966
0.0899,0.2968
0.0899,0.2971
0.0899,0.2973
0.0899,0.2975
0.0899,0.2978
0.0904,0.2978
0.0909,0.2978
0.0909,0.298
0.0914,0.298
0.0914,0.2982
0.0919,0.2982
0.0919,0.2985
0.0919,0.2987
0.0919,0.299
0.0924,0.299
0.0924,0.2992
0.0929,0.2992
0.0929,0.2994
0.0929,0.2997
0.0929,0.2999
0.0929,0.3001
0.0929,0.3004
0.0929,0.3006
0.0929,0.3009
0.0929,0.3011
0.0934,0.3011
0.0934,0.3013
0.0934,0.3016
0.0939,0.3016
0.0939,0.3018
0.0939,0.302
0.0939,0.3023
0.0944,0.3023
0.0944,0.3025
0.0949,0.3025
0.0949,0.3028
0.0954,0.3028
0.0959,0.3028
0.0959,0.303
0.0959,0.3032
0.0964,0.3032
0.0964,0.3035
0.0964,0.3037
0.0964,0.3039
0.0964,0.3042
0.0964,0.3044
0.0964,0.3046
0.097,0.3046
0.097,0.3049
0.0975,0.3049
0.0975,0.3051
0.0975,0.3054
0.0975,0.3056
0.0975,0.3058
0.0975,0.3061
0.098,0.3061
0.0985,0.3061
0.0985,0.3063
0.099,0.3063
0.0995,0.3063
0.0995,0.3065
0.0995,0.3068
0.1,0.3068
0.1,0.307
0.1,0.3073
0.1,0.3075
0.1,0.3077
0.1,0.308
0.1,0.3082
0.1,0.3084
0.1,0.3087
0.1,0.3089
0.1,0.3091
0.1005,0.3091
0.1005,0.3094
0.1005,0.3096
0.1005,0.3099
0.1005,0.3101
0.1005,0.3103
0.1005,0.3106
0.101,0.3106
0.101,0.3108
0.101,0.311
0.101,0.3113
0.1015,0.3113
0.102,0.3113
0.102,0.3115
0.102,0.3118
0.102,0.312
0.1025,0.312
0.103,0.312
0.103,0.3122
0.103,0.3125
0.1036,0.3125
0.1036,0.3127
0.1036,0.3129
0.1036,0.3132
0.1036,0.3134
0.1041,0.3134
0.1046,0.3134
0.1051,0.3134
0.1051,0.3136
0.1051,0.3139
0.1051,0.3141
0.1051,0.3144
0.1056,0.3144
0.1056,0.3146
0.1056,0.3148
0.1056,0.3151
0.1056,0.3153
0.1061,0.3153
0.1061,0.3155
0.1061,0.3158
0.1061,0.316
0.1066,0.316
0.1066,0.3163
0.1066,0.3165
0.1066,0.3167
0.1066,0.317
0.1066,0.3172
0.1071,0.3172
0.1071,0.3174
0.1071,0.3177
0.1071,0.3179
0.1071,0.3181
0.1071,0.3184
0.1071,0.3186
0.1071,0.3189
0.1076,0.3189
0.1076,0.3191
0.1076,0.3193
0.1076,0.3196
0.1081,0.3196
0.1081,0.3198
0.1081,0.32
0.1081,0.3203
0.1081,0.3205
0.1081,0.3208
0.1081,0.321
0.1086,0.321
0.1086,0.3212
0.1086,0.3215
0.1086,0.3217
0.1086,0.3219
0.1086,0.3222
0.1091,0.3222
0.1091,0.3224
0.1096,0.3224
0.1096,0.3226
0.1101,0.3226
0.1107,0.3226
0.1107,0.3229
0.1107,0.3231
0.1107,0.3234
0.1112,0.3234
0.1112,0.3236
0.1112,0.3238
0.1112,0.3241
0.1112,0.3243
0.1112,0.3245
0.1112,0.3248
0.1112,0.325
0.1112,0.3253
0.1112,0.3255
0.1112,0.3257
0.1112,0.326
0.1112,0.3262
0.1112,0.3264
0.1112,0.3267
0.1112,0.3269
0.1117,0.3269
0.1117,0.3271
0.1122,0.3271
0.1122,0.3274
0.1122,0.3276
0.1122,0.3279
0.1122,0.3281
0.1122,0.3283
0.1127,0.3283
0.1127,0.3286
0.1127,0.3288
0.1132,0.3288
0.1132,0.329
0.1132,0.3293
0.1132,0.3295
0.1132,0.3298
0.1137,0.3298
0.1137,0.33
0.1137,0.3302
0.1137,0.3305
0.1137,0.3307
0.1137,0.3309
0.1137,0.3312
0.1137,0.3314
0.1137,0.3316
0.1137,0.3319
0.1137,0.3321
0.1137,0.3324
0.1137,0.3326
0.1137,0.3328
0.1137,0.3331
0.1137,0.3333
0.1137,0.3335
0.1137,0.3338
0.1137,0.334
0.1137,0.3343
0.1142,0.3343
0.1147,0.3343
0.1147,0.3345
0.1147,0.3347
0.1147,0.335
0.1147,0.3352
0.1147,0.3354
0.1147,0.3357
0.1152,0.3357
0.1157,0.3357
0.1157,0.3359
0.1162,0.3359
0.1162,0.3361
0.1162,0.3364
0.1167,0.3364
0.1167,0.3366
0.1167,0.3369
0.1172,0.3369
0.1178,0.3369
0.1178,0.3371
0.1183,0.3371
0.1183,0.3373
0.1183,0.3376
0.1183,0.3378
0.1188,0.3378
0.1188,0.338
0.1188,0.3383
0.1188,0.3385
0.1188,0.3388
0.1188,0.339
0.1188,0.3392
0.1193,0.3392
0.1198,0.3392
0.1198,0.3395
0.1198,0.3397
0.1198,0.3399
0.1198,0.3402
0.1198,0.3404
0.1198,0.3406
0.1198,0.3409
0.1198,0.3411
0.1198,0.3414
0.1198,0.3416
0.1198,0.3418
0.1198,0.3421
0.1198,0.3423
0.1198,0.3425
0.1198,0.3428
0.1198,0.343
0.1198,0.3433
0.1198,0.3435
0.1198,0.3437
0.1198,0.344
0.1198,0.3442
0.1198,0.3444
0.1198,0.3447
0.1198,0.3449
0.1198,0.3451
0.1203,0.3451
0.1203,0.3454
0.1203,0.3456
0.1208,0.3456
0.1208,0.3459
0.1213,0.3459
0.1213,0.3461
0.1213,0.3463
0.1213,0.3466
0.1213,0.3468
0.1213,0.347
0.1213,0.3473
0.1218,0.3473
0.1218,0.3475
0.1218,0.3478
0.1218,0.348
0.1218,0.3482
0.1218,0.3485
0.1218,0.3487
0.1218,0.3489
0.1218,0.3492
0.1218,0.3494
0.1218,0.3496
0.1218,0.3499
0.1218,0.3501
0.1218,0.3504
0.1218,0.3506
0.1218,0.3508
0.1218,0.3511
0.1218,0.3513
0.1218,0.3515
0.1218,0.3518
0.1218,0.352
0.1223,0.352
0.1223,0.3523
0.1223,0.3525
0.1223,0.3527
0.1223,0.353
0.1223,0.3532
0.1223,0.3534
0.1223,0.3537
0.1223,0.3539
0.1223,0.3541
0.1223,0.3544
0.1223,0.3546
0.1223,0.3549
0.1223,0.3551
0.1223,0.3553
0.1223,0.3556
0.1223,0.3558
0.1223,0.356
0.1223,0.3563
0.1223,0.3565
0.1223,0.3568
0.1223,0.357
0.1223,0.3572
0.1223,0.3575
0.1223,0.3577
0.1223,0.3579
0.1223,0.3582
0.1223,0.3584
0.1223,0.3586
0.1223,0.3589
0.1223,0.3591
0.1223,0.3594
0.1223,0.3596
0.1223,0.3598
0.1223,0.3601
0.1223,0.3603
0.1223,0.3605
0.1223,0.3608
0.1223,0.361
0.1223,0.3613
0.1223,0.3615
0.1223,0.3617
0.1223,0.362
0.1223,0.3622
0.1223,0.3624
0.1223,0.3627
0.1223,0.3629
0.1223,0.3631
0.1223,0.3634
0.1223,0.3636
0.1223,0.3639
0.1223,0.3641
0.1223,0.3643
0.1223,0.3646
0.1223,0.3648
0.1223,0.365
0.1223,0.3653
0.1223,0.3655
0.1223,0.3658
0.1223,0.366
0.1223,0.3662
0.1223,0.3665
0.1223,0.3667
0.1223,0.3669
0.1223,0.3672
0.1223,0.3674
0.1223,0.3676
0.1223,0.3679
0.1223,0.3681
0.1228,0.3681
0.1233,0.3681
0.1233,0.3684
0.1233,0.3686
0.1238,0.3686
0.1238,0.3688
0.1238,0.3691
0.1238,0.3693
0.1238,0.3695
0.1238,0.3698
0.1238,0.37
0.1238,0.3703
0.1238,0.3705
0.1238,0.3707
0.1238,0.371
0.1244,0.371
0.1249,0.371
0.1249,0.3712
0.1249,0.3714
0.1249,0.3717
0.1249,0.3719
0.1249,0.3721
0.1254,0.3721
0.1254,0.3724
0.1254,0.3726
0.1259,0.3726
0.1259,0.3729
0.1259,0.3731
0.1264,0.3731
0.1264,0.3733
0.1264,0.3736
0.1264,0.3738
0.1264,0.374
0.1264,0.3743
0.1264,0.3745
0.1264,0.3748
0.1264,0.375
0.1264,0.3752
0.1264,0.3755
0.1264,0.3757
0.1264,0.3759
0.1264,0.3762
0.1264,0.3764
0.1264,0.3766
0.1264,0.3769
0.1264,0.3771
0.1264,0.3774
0.1264,0.3776
0.1264,0.3778
0.1269,0.3778
0.1269,0.3781
0.1269,0.3783
0.1269,0.3785
0.1274,0.3785
0.1274,0.3788
0.1274,0.379
0.1274,0.3793
0.1279,0.3793
0.1279,0.3795
0.1284,0.3795
0.1284,0.3797
0.1289,0.3797
0.1289,0.38
0.1289,0.3802
0.1289,0.3804
0.1289,0.3807
0.1289,0.3809
0.1289,0.3811
0.1289,0.3814
0.1289,0.3816
0.1289,0.3819
0.1289,0.3821
0.1289,0.3823
0.1289,0.3826
0.1289,0.3828
0.1294,0.3828
0.1294,0.383
0.1299,0.383
0.1299,0.3833
0.1299,0.3835
0.1299,0.3838
0.1299,0.384
0.1299,0.3842
0.1299,0.3845
0.1299,0.3847
0.1304,0.3847
0.1304,0.3849
0.1309,0.3849
0.1309,0.3852
0.1309,0.3854
0.1315,0.3854
0.1315,0.3856
0.1315,0.3859
0.1315,0.3861
0.1315,0.3864
0.1315,0.3866
0.1315,0.3868
0.1315,0.3871
0.1315,0.3873
0.1315,0.3875
0.1315,0.3878
0.1315,0.388
0.1315,0.3883
0.1315,0.3885
0.1315,0.3887
0.1315,0.389
0.1315,0.3892
0.1315,0.3894
0.1315,0.3897
0.1315,0.3899
0.1315,0.3901
0.1315,0.3904
0.1315,0.3906
0.1315,0.3909
0.1315,0.3911
0.1315,0.3913
0.132,0.3913
0.132,0.3916
0.132,0.3918
0.132,0.392
0.132,0.3923
0.132,0.3925
0.1325,0.3925
0.133,0.3925
0.1335,0.3925
0.1335,0.3928
0.1335,0.393
0.1335,0.3932
0.1335,0.3935
0.1335,0.3937
0.134,0.3937
0.134,0.3939
0.134,0.3942
0.134,0.3944
0.134,0.3946
0.134,0.3949
0.134,0.3951
0.134,0.3954
0.134,0.3956
0.134,0.3958
0.134,0.3961
0.134,0.3963
0.134,0.3965
0.134,0.3968
0.134,0.397
0.134,0.3973
0.1345,0.3973
0.135,0.3973
0.135,0.3975
0.135,0.3977
0.135,0.398
0.135,0.3982
0.135,0.3984
0.1355,0.3984
0.1355,0.3987
0.1355,0.3989
0.1355,0.3991
0.1355,0.3994
0.1355,0.3996
0.1355,0.3999
0.1355,0.4001
0.1355,0.4003
0.1355,0.4006
0.1355,0.4008
0.1355,0.401
0.1355,0.4013
0.1355,0.4015
0.1355,0.4018
0.1355,0.402
0.1355,0.4022
0.1355,0.4025
0.1355,0.4027
0.1355,0.4029
0.1355,0.4032
0.1355,0.4034
0.1355,0.4037
0.1355,0.4039
0.1355,0.4041
0.1355,0.4044
0.1355,0.4046
0.1355,0.4048
0.1355,0.4051
0.1355,0.4053
0.1355,0.4055
0.1355,0.4058
0.1355,0.406
0.1355,0.4063
0.1355,0.4065
0.1355,0.4067
0.1355,0.407
0.1355,0.4072
0.1355,0.4074
0.1355,0.4077
0.1355,0.4079
0.1355,0.4082
0.1355,0.4084
0.1355,0.4086
0.1355,0.4089
0.1355,0.4091
0.1355,0.4093
0.1355,0.4096
0.1355,0.4098
0.1355,0.41
0.1355,0.4103
0.1355,0.4105
0.1355,0.4108
0.1355,0.411
0.1355,0.4112
0.1355,0.4115
0.1355,0.4117
0.1355,0.4119
0.1355,0.4122
0.1355,0.4124
0.1355,0.4127
0.1355,0.4129
0.1355,0.4131
0.1355,0.4134
0.1355,0.4136
0.1355,0.4138
0.1355,0.4141
0.1355,0.4143
0.1355,0.4145
0.1355,0.4148
0.1355,0.415
0.1355,0.4153
0.1355,0.4155
0.1355,0.4157
0.1355,0.416
0.1355,0.4162
0.1355,0.4164
0.1355,0.4167
0.1355,0.4169
0.1355,0.4172
0.1355,0.4174
0.1355,0.4176
0.136,0.4176
0.136,0.4179
0.1365,0.4179
0.1365,0.4181
0.1365,0.4183
0.1365,0.4186
0.1365,0.4188
0.1365,0.419
0.1365,0.4193
0.1365,0.4195
0.1365,0.4198
0.1365,0.42
0.1365,0.4202
0.1365,0.4205
0.1365,0.4207
0.1365,0.4209
0.1365,0.4212
0.1365,0.4214
0.1365,0.4217
0.1365,0.4219
0.1365,0.4221
0.1365,0.4224
0.1365,0.4226
0.1365,0.4228
0.1365,0.4231
0.1365,0.4233
0.1365,0.4235
0.1365,0.4238
0.1365,0.424
0.1365,0.4243
0.1365,0.4245
0.1365,0.4247
0.137,0.4247
0.1375,0.4247
0.1381,0.4247
0.1381,0.425
0.1381,0.4252
0.1381,0.4254
0.1381,0.4257
0.1381,0.4259
0.1381,0.4262
0.1381,0.4264
0.1381,0.4266
0.1386,0.4266
0.1386,0.4269
0.1386,0.4271
0.1386,0.4273
0.1386,0.4276
0.1386,0.4278
0.1391,0.4278
0.1396,0.4278
0.1396,0.428
0.1401,0.428
0.1401,0.4283
0.1401,0.4285
0.1401,0.4288
0.1401,0.429
0.1401,0.4292
0.1401,0.4295
0.1401,0.4297
0.1401,0.4299
0.1401,0.4302
0.1401,0.4304
0.1401,0.4307
0.1401,0.4309
0.1401,0.4311
0.1401,0.4314
0.1401,0.4316
0.1401,0.4318
0.1401,0.4321
0.1401,0.4323
0.1401,0.4325
0.1401,0.4328
0.1401,0.433
0.1401,0.4333
0.1401,0.4335
0.1401,0.4337
0.1401,0.434
0.1401,0.4342
0.1401,0.4344
0.1401,0.4347
0.1401,0.4349
0.1401,0.4352
0.1401,0.4354
0.1401,0.4356
0.1401,0.4359
0.1401,0.4361
0.1401,0.4363
0.1401,0.4366
0.1401,0.4368
0.1401,0.437
0.1401,0.4373
0.1401,0.4375
0.1406,0.4375
0.1411,0.4375
0.1411,0.4378
0.1411,0.438
0.1411,0.4382
0.1411,0.4385
0.1411,0.4387
0.1411,0.4389
0.1416,0.4389
0.1416,0.4392
0.1416,0.4394
0.1416,0.4397
0.1416,0.4399
0.1416,0.4401
0.1416,0.4404
0.1416,0.4406
0.1416,0.4408
0.1421,0.4408
0.1421,0.4411
0.1421,0.4413
0.1426,0.4413
0.1426,0.4415
0.1426,0.4418
0.1431,0.4418
0.1431,0.442
0.1436,0.442
0.1436,0.4423
0.1436,0.4425
0.1436,0.4427
0.1436,0.443
0.1436,0.4432
0.1436,0.4434
0.1436,0.4437
0.1436,0.4439
0.1436,0.4442
0.1436,0.4444
0.1436,0.4446
0.1436,0.4449
0.1436,0.4451
0.1441,0.4451
0.1441,0.4453
0.1446,0.4453
0.1446,0.4456
0.1446,0.4458
0.1446,0.446
0.1452,0.446
0.1452,0.4463
0.1452,0.4465
0.1452,0.4468
0.1452,0.447
0.1452,0.4472
0.1452,0.4475
0.1452,0.4477
0.1452,0.4479
0.1457,0.4479
0.1457,0.4482
0.1457,0.4484
0.1457,0.4487
0.1457,0.4489
0.1457,0.4491
0.1457,0.4494
0.1457,0.4496
0.1462,0.4496
0.1462,0.4498
0.1462,0.4501
0.1462,0.4503
0.1462,0.4505
0.1462,0.4508
0.1462,0.451
0.1462,0.4513
0.1467,0.4513
0.1467,0.4515
0.1467,0.4517
0.1467,0.452
0.1467,0.4522
0.1467,0.4524
0.1467,0.4527
0.1467,0.4529
0.1467,0.4532
0.1467,0.4534
0.1467,0.4536
0.1467,0.4539
0.1472,0.4539
0.1472,0.4541
0.1472,0.4543
0.1472,0.4546
0.1472,0.4548
0.1472,0.455
0.1477,0.455
0.1477,0.4553
0.1477,0.4555
0.1477,0.4558
0.1482,0.4558
0.1487,0.4558
0.1487,0.456
0.1487,0.4562
0.1487,0.4565
0.1487,0.4567
0.1487,0.4569
0.1487,0.4572
0.1487,0.4574
0.1487,0.4577
0.1487,0.4579
0.1487,0.4581
0.1487,0.4584
0.1492,0.4584
0.1492,0.4586
0.1492,0.4588
0.1492,0.4591
0.1492,0.4593
0.1492,0.4595
0.1492,0.4598
0.1492,0.46
0.1492,0.4603
0.1492,0.4605
0.1492,0.4607
0.1492,0.461
0.1492,0.4612
0.1497,0.4612
0.1497,0.4614
0.1502,0.4614
0.1502,0.4617
0.1502,0.4619
0.1502,0.4622
0.1502,0.4624
0.1502,0.4626
0.1502,0.4629
0.1502,0.4631
0.1502,0.4633
0.1502,0.4636
0.1502,0.4638
0.1502,0.464
0.1502,0.4643
0.1502,0.4645
0.1502,0.4648
0.1507,0.4648
0.1507,0.465
0.1507,0.4652
0.1507,0.4655
0.1512,0.4655
0.1512,0.4657
0.1512,0.4659
0.1517,0.4659
0.1523,0.4659
0.1523,0.4662
0.1528,0.4662
0.1533,0.4662
0.1533,0.4664
0.1533,0.4667
0.1533,0.4669
0.1538,0.4669
0.1538,0.4671
0.1538,0.4674
0.1543,0.4674
0.1548,0.4674
0.1548,0.4676
0.1548,0.4678
0.1553,0.4678
0.1553,0.4681
0.1553,0.4683
0.1553,0.4685
0.1553,0.4688
0.1558,0.4688
0.1558,0.469
0.1558,0.4693
0.1558,0.4695
0.1558,0.4697
0.1558,0.47
0.1563,0.47
0.1563,0.4702
0.1568,0.4702
0.1568,0.4704
0.1573,0.4704
0.1573,0.4707
0.1573,0.4709
0.1573,0.4712
0.1578,0.4712
0.1578,0.4714
0.1578,0.4716
0.1583,0.4716
0.1583,0.4719
0.1583,0.4721
0.1583,0.4723
0.1583,0.4726
0.1589,0.4726
0.1589,0.4728
0.1589,0.473
0.1589,0.4733
0.1589,0.4735
0.1589,0.4738
0.1594,0.4738
0.1594,0.474
0.1594,0.4742
0.1599,0.4742
0.1599,0.4745
0.1599,0.4747
0.1599,0.4749
0.1599,0.4752
0.1599,0.4754
0.1599,0.4757
0.1599,0.4759
0.1599,0.4761
0.1599,0.4764
0.1599,0.4766
0.1604,0.4766
0.1604,0.4768
0.1609,0.4768
0.1614,0.4768
0.1614,0.4771
0.1619,0.4771
0.1619,0.4773
0.1624,0.4773
0.1624,0.4775
0.1624,0.4778
0.1629,0.4778
0.1634,0.4778
0.1634,0.478
0.1634,0.4783
0.1639,0.4783
0.1639,0.4785
0.1644,0.4785
0.1644,0.4787
0.1644,0.479
0.1644,0.4792
0.1649,0.4792
0.1649,0.4794
0.1649,0.4797
0.1649,0.4799
0.1649,0.4802
0.1649,0.4804
0.1649,0.4806
0.1649,0.4809
0.1649,0.4811
0.1649,0.4813
0.1649,0.4816
0.1654,0.4816
0.166,0.4816
0.1665,0.4816
0.167,0.4816
0.167,0.4818
0.1675,0.4818
0.1675,0.482
0.1675,0.4823
0.168,0.4823
0.1685,0.4823
0.1685,0.4825
0.1685,0.4828
0.1685,0.483
0.1685,0.4832
0.1685,0.4835
0.169,0.4835
0.169,0.4837
0.169,0.4839
0.169,0.4842
0.169,0.4844
0.1695,0.4844
0.1695,0.4847
0.1695,0.4849
0.1695,0.4851
0.1695,0.4854
0.1695,0.4856
0.1695,0.4858
0.1695,0.4861
0.1695,0.4863
0.1695,0.4865
0.17,0.4865
0.17,0.4868
0.17,0.487
0.17,0.4873
0.17,0.4875
0.17,0.4877
0.17,0.488
0.1705,0.488
0.1705,0.4882
0.1705,0.4884
0.171,0.4884
0.171,0.4887
0.171,0.4889
0.171,0.4892
0.171,0.4894
0.171,0.4896
0.171,0.4899
0.171,0.4901
0.171,0.4903
0.171,0.4906
0.171,0.4908
0.1715,0.4908
0.1715,0.491
0.1715,0.4913
0.1715,0.4915
0.172,0.4915
0.172,0.4918
0.172,0.492
0.172,0.4922
0.172,0.4925
0.172,0.4927
0.172,0.4929
0.172,0.4932
0.172,0.4934
0.1726,0.4934
0.1731,0.4934
0.1731,0.4937
0.1731,0.4939
0.1731,0.4941
0.1731,0.4944
0.1731,0.4946
0.1731,0.4948
0.1731,0.4951
0.1736,0.4951
0.1736,0.4953
0.1741,0.4953
0.1741,0.4955
0.1741,0.4958
0.1741,0.496
0.1746,0.496
0.1746,0.4963
0.1746,0.4965
0.1746,0.4967
0.1751,0.4967
0.1751,0.497
0.1751,0.4972
0.1751,0.4974
0.1751,0.4977
0.1756,0.4977
0.1756,0.4979
0.1756,0.4982
0.1756,0.4984
0.1756,0.4986
0.1756,0.4989
0.1756,0.4991
0.1756,0.4993
0.1756,0.4996
0.1756,0.4998
0.1756,0.5
0.1756,0.5003
0.1756,0.5005
0.1756,0.5008
0.1756,0.501
0.1756,0.5012
0.1756,0.5015
0.1761,0.5015
0.1761,0.5017
0.1761,0.5019
0.1761,0.5022
0.1761,0.5024
0.1761,0.5027
0.1766,0.5027
0.1766,0.5029
0.1771,0.5029
0.1771,0.5031
0.1771,0.5034
0.1771,0.5036
0.1771,0.5038
0.1771,0.5041
0.1771,0.5043
0.1776,0.5043
0.1776,0.5046
0.1776,0.5048
0.1776,0.505
0.1781,0.505
0.1786,0.505
0.1786,0.5053
0.1786,0.5055
0.1786,0.5057
0.1786,0.506
0.1791,0.506
0.1791,0.5062
0.1791,0.5064
0.1791,0.5067
0.1791,0.5069
0.1791,0.5072
0.1791,0.5074
0.1797,0.5074
0.1797,0.5076
0.1797,0.5079
0.1797,0.5081
0.1802,0.5081
0.1802,0.5083
0.1802,0.5086
0.1802,0.5088
0.1807,0.5088
0.1807,0.5091
0.1807,0.5093
0.1812,0.5093
0.1812,0.5095
0.1812,0.5098
0.1812,0.51
0.1812,0.5102
0.1812,0.5105
0.1812,0.5107
0.1817,0.5107
0.1817,0.5109
0.1817,0.5112
0.1817,0.5114
0.1822,0.5114
0.1822,0.5117
0.1822,0.5119
0.1822,0.5121
0.1822,0.5124
0.1822,0.5126
0.1822,0.5128
0.1822,0.5131
0.1822,0.5133
0.1822,0.5136
0.1827,0.5136
0.1827,0.5138
0.1827,0.514
0.1832,0.514
0.1832,0.5143
0.1837,0.5143
0.1837,0.5145
0.1837,0.5147
0.1837,0.515
0.1837,0.5152
0.1837,0.5154
0.1837,0.5157
0.1842,0.5157
0.1842,0.5159
0.1847,0.5159
0.1847,0.5162
0.1847,0.5164
0.1847,0.5166
0.1847,0.5169
0.1852,0.5169
0.1852,0.5171
0.1852,0.5173
0.1852,0.5176
0.1852,0.5178
0.1852,0.5181
0.1852,0.5183
0.1852,0.5185
0.1857,0.5185
0.1857,0.5188
0.1857,0.519
0.1857,0.5192
0.1857,0.5195
0.1857,0.5197
0.1857,0.5199
0.1857,0.5202
0.1857,0.5204
0.1857,0.5207
0.1857,0.5209
0.1857,0.5211
0.1857,0.5214
0.1857,0.5216
0.1857,0.5218
0.1857,0.5221
0.1857,0.5223
0.1857,0.5226
0.1857,0.5228
0.1857,0.523
0.1857,0.5233
0.1862,0.5233
0.1862,0.5235
0.1862,0.5237
0.1862,0.524
0.1862,0.5242
0.1862,0.5244
0.1862,0.5247
0.1862,0.5249
0.1862,0.5252
0.1862,0.5254
0.1862,0.5256
0.1862,0.5259
0.1862,0.5261
0.1862,0.5263
0.1862,0.5266
0.1868,0.5266
0.1868,0.5268
0.1868,0.5271
0.1868,0.5273
0.1873,0.5273
0.1878,0.5273
0.1878,0.5275
0.1878,0.5278
0.1878,0.528
0.1878,0.5282
0.1883,0.5282
0.1883,0.5285
0.1888,0.5285
0.1888,0.5287
0.1893,0.5287
0.1898,0.5287
0.1898,0.5289
0.1898,0.5292
0.1898,0.5294
0.1898,0.5297
0.1903,0.5297
0.1903,0.5299
0.1903,0.5301
0.1903,0.5304
0.1903,0.5306
0.1903,0.5308
0.1908,0.5308
0.1908,0.5311
0.1908,0.5313
0.1908,0.5316
0.1908,0.5318
0.1908,0.532
0.1908,0.5323
0.1908,0.5325
0.1908,0.5327
0.1908,0.533
0.1913,0.533
0.1913,0.5332
0.1913,0.5334
0.1913,0.5337
0.1913,0.5339
0.1913,0.5342
0.1918,0.5342
0.1923,0.5342
0.1923,0.5344
0.1923,0.5346
0.1923,0.5349
0.1923,0.5351
0.1923,0.5353
0.1923,0.5356
0.1923,0.5358
0.1928,0.5358
0.1934,0.5358
0.1939,0.5358
0.1944,0.5358
0.1949,0.5358
0.1949,0.5361
0.1949,0.5363
0.1954,0.5363
0.1954,0.5365
0.1954,0.5368
0.1959,0.5368
0.1964,0.5368
0.1964,0.537
0.1964,0.5372
0.1964,0.5375
0.1964,0.5377
0.1964,0.5379
0.1969,0.5379
0.1969,0.5382
0.1969,0.5384
0.1974,0.5384
0.1974,0.5387
0.1974,0.5389
0.1974,0.5391
0.1974,0.5394
0.1974,0.5396
0.1974,0.5398
0.1979,0.5398
0.1979,0.5401
0.1979,0.5403
0.1979,0.5406
0.1979,0.5408
0.1979,0.541
0.1984,0.541
0.1984,0.5413
0.1984,0.5415
0.1984,0.5417
0.1984,0.542
0.1989,0.542
0.1989,0.5422
0.1989,0.5424
0.1989,0.5427
0.1989,0.5429
0.1989,0.5432
0.1989,0.5434
0.1989,0.5436
0.1994,0.5436
0.1994,0.5439
0.1994,0.5441
0.1999,0.5441
0.2005,0.5441
0.2005,0.5443
0.2005,0.5446
0.2005,0.5448
0.2005,0.5451
0.2005,0.5453
0.201,0.5453
0.201,0.5455
0.201,0.5458
0.201,0.546
0.201,0.5462
0.201,0.5465
0.201,0.5467
0.2015,0.5467
0.2015,0.5469
0.202,0.5469
0.202,0.5472
0.202,0.5474
0.202,0.5477
0.2025,0.5477
0.2025,0.5479
0.2025,0.5481
0.2025,0.5484
0.2025,0.5486
0.2025,0.5488
0.2025,0.5491
0.2025,0.5493
0.2025,0.5496
0.2025,0.5498
0.2025,0.55
0.203,0.55
0.203,0.5503
0.2035,0.5503
0.204,0.5503
0.204,0.5505
0.204,0.5507
0.204,0.551
0.204,0.5512
0.204,0.5514
0.204,0.5517
0.2045,0.5517
0.205,0.5517
0.205,0.5519
0.205,0.5522
0.205,0.5524
0.205,0.5526
0.2055,0.5526
0.2055,0.5529
0.206,0.5529
0.2065,0.5529
0.2065,0.5531
0.2065,0.5533
0.2065,0.5536
0.2065,0.5538
0.2065,0.5541
0.2065,0.5543
0.2065,0.5545
0.2071,0.5545
0.2076,0.5545
0.2081,0.5545
0.2081,0.5548
0.2086,0.5548
0.2086,0.555
0.2086,0.5552
0.2086,0.5555
0.2086,0.5557
0.2086,0.5559
0.2086,0.5562
0.2086,0.5564
0.2091,0.5564
0.2091,0.5567
0.2091,0.5569
0.2091,0.5571
0.2091,0.5574
0.2091,0.5576
0.2091,0.5578
0.2096,0.5578
0.2096,0.5581
0.2096,0.5583
0.2096,0.5586
0.2096,0.5588
0.2101,0.5588
0.2101,0.559
0.2101,0.5593
0.2101,0.5595
0.2101,0.5597
0.2106,0.5597
0.2106,0.56
0.2106,0.5602
0.2106,0.5604
0.2106,0.5607
0.2111,0.5607
0.2111,0.5609
0.2111,0.5612
0.2111,0.5614
0.2116,0.5614
0.2116,0.5616
0.2121,0.5616
0.2121,0.5619
0.2121,0.5621
0.2121,0.5623
0.2121,0.5626
0.2121,0.5628
0.2126,0.5628
0.2126,0.5631
0.2126,0.5633
0.2126,0.5635
0.2126,0.5638
0.2126,0.564
0.2126,0.5642
0.2126,0.5645
0.2126,0.5647
0.2126,0.5649
0.2126,0.5652
0.2126,0.5654
0.2126,0.5657
0.2126,0.5659
0.2126,0.5661
0.2126,0.5664
0.2126,0.5666
0.2126,0.5668
0.2131,0.5668
0.2131,0.5671
0.2131,0.5673
0.2131,0.5676
0.2136,0.5676
0.2136,0.5678
0.2136,0.568
0.2136,0.5683
0.2136,0.5685
0.2136,0.5687
0.2142,0.5687
0.2142,0.569
0.2147,0.569
0.2152,0.569
0.2152,0.5692
0.2152,0.5694
0.2152,0.5697
0.2152,0.5699
0.2152,0.5702
0.2152,0.5704
0.2157,0.5704
0.2157,0.5706
0.2157,0.5709
0.2157,0.5711
0.2157,0.5713
0.2162,0.5713
0.2162,0.5716
0.2162,0.5718
0.2167,0.5718
0.2172,0.5718
0.2177,0.5718
0.2177,0.5721
0.2177,0.5723
0.2182,0.5723
0.2182,0.5725
0.2182,0.5728
0.2182,0.573
0.2182,0.5732
0.2182,0.5735
0.2182,0.5737
0.2187,0.5737
0.2187,0.5739
0.2187,0.5742
0.2187,0.5744
0.2187,0.5747
0.2187,0.5749
0.2187,0.5751
0.2187,0.5754
0.2187,0.5756
0.2192,0.5756
0.2197,0.5756
0.2202,0.5756
0.2202,0.5758
0.2202,0.5761
0.2202,0.5763
0.2202,0.5766
0.2208,0.5766
0.2208,0.5768
0.2213,0.5768
0.2213,0.577
0.2213,0.5773
0.2218,0.5773
0.2218,0.5775
0.2218,0.5777
0.2218,0.578
0.2218,0.5782
0.2218,0.5784
0.2218,0.5787
0.2218,0.5789
0.2218,0.5792
0.2218,0.5794
0.2218,0.5796
0.2218,0.5799
0.2218,0.5801
0.2218,0.5803
0.2218,0.5806
0.2223,0.5806
0.2228,0.5806
0.2228,0.5808
0.2228,0.5811
0.2228,0.5813
0.2228,0.5815
0.2228,0.5818
0.2228,0.582
0.2228,0.5822
0.2233,0.5822
0.2233,0.5825
0.2238,0.5825
0.2238,0.5827
0.2243,0.5827
0.2243,0.5829
0.2248,0.5829
0.2248,0.5832
0.2253,0.5832
0.2253,0.5834
0.2253,0.5837
0.2253,0.5839
0.2253,0.5841
0.2253,0.5844
0.2258,0.5844
0.2258,0.5846
0.2263,0.5846
0.2268,0.5846
0.2268,0.5848
0.2268,0.5851
0.2268,0.5853
0.2268,0.5856
0.2268,0.5858
0.2268,0.586
0.2268,0.5863
0.2268,0.5865
0.2268,0.5867
0.2268,0.587
0.2273,0.587
0.2273,0.5872
0.2279,0.5872
0.2284,0.5872
0.2284,0.5874
0.2284,0.5877
0.2284,0.5879
0.2289,0.5879
0.2289,0.5882
0.2289,0.5884
0.2289,0.5886
0.2294,0.5886
0.2294,0.5889
0.2294,0.5891
0.2294,0.5893
0.2294,0.5896
0.2294,0.5898
0.2294,0.5901
0.2294,0.5903
0.2294,0.5905
0.2294,0.5908
0.2299,0.5908
0.2299,0.591
0.2304,0.591
0.2304,0.5912
0.2304,0.5915
0.2304,0.5917
0.2304,0.5919
0.2309,0.5919
0.2309,0.5922
0.2314,0.5922
0.2314,0.5924
0.2314,0.5927
0.2319,0.5927
0.2319,0.5929
0.2324,0.5929
0.2324,0.5931
0.2329,0.5931
0.2334,0.5931
0.2339,0.5931
0.2339,0.5934
0.2344,0.5934
0.235,0.5934
0.235,0.5936
0.235,0.5938
0.2355,0.5938
0.2355,0.5941
0.236,0.5941
0.236,0.5943
0.236,0.5946
0.2365,0.5946
0.2365,0.5948
0.237,0.5948
0.2375,0.5948
0.2375,0.595
0.2375,0.5953
0.238,0.5953
0.238,0.5955
0.2385,0.5955
0.2385,0.5957
0.239,0.5957
0.239,0.596
0.2395,0.596
0.24,0.596
0.2405,0.596
0.241,0.596
0.241,0.5962
0.241,0.5964
0.241,0.5967
0.241,0.5969
0.241,0.5972
0.241,0.5974
0.241,0.5976
0.241,0.5979
0.241,0.5981
0.241,0.5983
0.2416,0.5983
0.2416,0.5986
0.2421,0.5986
0.2421,0.5988
0.2421,0.5991
0.2421,0.5993
0.2421,0.5995
0.2426,0.5995
0.2426,0.5998
0.2426,0.6
0.2426,0.6002
0.2426,0.6005
0.2426,0.6007
0.2431,0.6007
0.2431,0.601
0.2431,0.6012
0.2431,0.6014
0.2431,0.6017
0.2431,0.6019
0.2431,0.6021
0.2431,0.6024
0.2436,0.6024
0.2436,0.6026
0.2441,0.6026
0.2441,0.6028
0.2441,0.6031
0.2441,0.6033
0.2441,0.6036
0.2441,0.6038
0.2441,0.604
0.2441,0.6043
0.2441,0.6045
0.2441,0.6047
0.2446,0.6047
0.2451,0.6047
0.2451,0.605
0.2456,0.605
0.2456,0.6052
0.2456,0.6055
0.2456,0.6057
0.2456,0.6059
0.2461,0.6059
0.2461,0.6062
0.2466,0.6062
0.2466,0.6064
0.2466,0.6066
0.2471,0.6066
0.2471,0.6069
0.2476,0.6069
0.2476,0.6071
0.2476,0.6073
0.2481,0.6073
0.2481,0.6076
0.2481,0.6078
0.2481,0.6081
0.2481,0.6083
0.2481,0.6085
0.2487,0.6085
0.2487,0.6088
0.2487,0.609
0.2487,0.6092
0.2487,0.6095
0.2487,0.6097
0.2492,0.6097
0.2492,0.61
0.2492,0.6102
0.2492,0.6104
0.2492,0.6107
0.2492,0.6109
0.2492,0.6111
0.2492,0.6114
0.2492,0.6116
0.2492,0.6118
0.2492,0.6121
0.2492,0.6123
0.2492,0.6126
0.2492,0.6128
0.2497,0.6128
0.2502,0.6128
0.2507,0.6128
0.2507,0.613
0.2507,0.6133
0.2512,0.6133
0.2517,0.6133
0.2517,0.6135
0.2517,0.6137
0.2522,0.6137
0.2522,0.614
0.2522,0.6142
0.2522,0.6145
0.2522,0.6147
0.2522,0.6149
0.2522,0.6152
0.2522,0.6154
0.2527,0.6154
0.2532,0.6154
0.2537,0.6154
0.2537,0.6156
0.2537,0.6159
0.2542,0.6159
0.2542,0.6161
0.2547,0.6161
0.2547,0.6163
0.2553,0.6163
0.2553,0.6166
0.2558,0.6166
0.2558,0.6168
0.2563,0.6168
0.2563,0.6171
0.2563,0.6173
0.2563,0.6175
0.2563,0.6178
0.2568,0.6178
0.2568,0.618
0.2568,0.6182
0.2573,0.6182
0.2573,0.6185
0.2573,0.6187
0.2578,0.6187
0.2583,0.6187
0.2588,0.6187
0.2588,0.619
0.2593,0.619
0.2593,0.6192
0.2593,0.6194
0.2598,0.6194
0.2603,0.6194
0.2608,0.6194
0.2613,0.6194
0.2613,0.6197
0.2613,0.6199
0.2618,0.6199
0.2618,0.6201
0.2618,0.6204
0.2618,0.6206
0.2618,0.6208
0.2618,0.6211
0.2618,0.6213
0.2618,0.6216
0.2618,0.6218
0.2618,0.622
0.2618,0.6223
0.2618,0.6225
0.2624,0.6225
0.2624,0.6227
0.2624,0.623
0.2624,0.6232
0.2624,0.6235
0.2624,0.6237
0.2624,0.6239
0.2624,0.6242
0.2624,0.6244
0.2629,0.6244
0.2634,0.6244
0.2634,0.6246
0.2634,0.6249
0.2634,0.6251
0.2634,0.6253
0.2634,0.6256
0.2634,0.6258
0.2634,0.6261
0.2639,0.6261
0.2639,0.6263
0.2639,0.6265
0.2639,0.6268
0.2639,0.627
0.2639,0.6272
0.2644,0.6272
0.2644,0.6275
0.2644,0.6277
0.2644,0.628
0.2649,0.628
0.2654,0.628
0.2654,0.6282
0.2654,0.6284
0.2654,0.6287
0.2654,0.6289
0.2659,0.6289
0.2664,0.6289
0.2664,0.6291
0.2664,0.6294
0.2664,0.6296
0.2664,0.6298
0.2669,0.6298
0.2669,0.6301
0.2669,0.6303
0.2669,0.6306
0.2674,0.6306
0.2679,0.6306
0.2679,0.6308
0.2679,0.631
0.2684,0.631
0.2689,0.631
0.2695,0.631
0.2695,0.6313
0.2695,0.6315
0.2695,0.6317
0.2695,0.632
0.2695,0.6322
0.2695,0.6325
0.27,0.6325
0.27,0.6327
0.27,0.6329
0.2705,0.6329
0.2705,0.6332
0.2705,0.6334
0.2705,0.6336
0.2705,0.6339
0.2705,0.6341
0.271,0.6341
0.271,0.6343
0.271,0.6346
0.2715,0.6346
0.272,0.6346
0.272,0.6348
0.272,0.6351
0.2725,0.6351
0.2725,0.6353
0.273,0.6353
0.273,0.6355
0.2735,0.6355
0.2735,0.6358
0.274,0.6358
0.274,0.636
0.2745,0.636
0.275,0.636
0.275,0.6362
0.275,0.6365
0.275,0.6367
0.2755,0.6367
0.2761,0.6367
0.2761,0.637
0.2761,0.6372
0.2761,0.6374
0.2766,0.6374
0.2766,0.6377
0.2771,0.6377
0.2771,0.6379
0.2776,0.6379
0.2781,0.6379
0.2781,0.6381
0.2786,0.6381
0.2786,0.6384
0.2786,0.6386
0.2786,0.6388
0.2786,0.6391
0.2786,0.6393
0.2786,0.6396
0.2786,0.6398
0.2786,0.64
0.2786,0.6403
0.2786,0.6405
0.2786,0.6407
0.2786,0.641
0.2791,0.641
0.2796,0.641
0.2796,0.6412
0.2796,0.6415
0.2796,0.6417
0.2796,0.6419
0.2796,0.6422
0.2796,0.6424
0.2796,0.6426
0.2796,0.6429
0.2801,0.6429
0.2801,0.6431
0.2801,0.6433
0.2801,0.6436
0.2801,0.6438
0.2801,0.6441
0.2801,0.6443
0.2801,0.6445
0.2801,0.6448
0.2801,0.645
0.2801,0.6452
0.2806,0.6452
0.2806,0.6455
0.2811,0.6455
0.2816,0.6455
0.2816,0.6457
0.2816,0.646
0.2821,0.646
0.2821,0.6462
0.2821,0.6464
0.2826,0.6464
0.2832,0.6464
0.2832,0.6467
0.2832,0.6469
0.2832,0.6471
0.2832,0.6474
0.2832,0.6476
0.2832,0.6478
0.2832,0.6481
0.2837,0.6481
0.2837,0.6483
0.2842,0.6483
0.2842,0.6486
0.2842,0.6488
0.2842,0.649
0.2842,0.6493
0.2842,0.6495
0.2842,0.6497
0.2842,0.65
0.2847,0.65
0.2847,0.6502
0.2847,0.6505
0.2847,0.6507
0.2847,0.6509
0.2847,0.6512
0.2847,0.6514
0.2852,0.6514
0.2857,0.6514
0.2862,0.6514
0.2862,0.6516
0.2867,0.6516
0.2872,0.6516
0.2872,0.6519
0.2872,0.6521
0.2877,0.6521
0.2877,0.6523
0.2882,0.6523
0.2882,0.6526
0.2887,0.6526
0.2887,0.6528
0.2892,0.6528
0.2898,0.6528
0.2898,0.6531
0.2898,0.6533
0.2898,0.6535
0.2898,0.6538
0.2898,0.654
0.2898,0.6542
0.2903,0.6542
0.2908,0.6542
0.2913,0.6542
0.2918,0.6542
0.2918,0.6545
0.2918,0.6547
0.2923,0.6547
0.2928,0.6547
0.2933,0.6547
0.2933,0.655
0.2933,0.6552
0.2933,0.6554
0.2933,0.6557
0.2933,0.6559
0.2938,0.6559
0.2938,0.6561
0.2938,0.6564
0.2938,0.6566
0.2938,0.6568
0.2943,0.6568
0.2943,0.6571
0.2943,0.6573
0.2943,0.6576
0.2943,0.6578
0.2948,0.6578
0.2948,0.658
0.2948,0.6583
0.2953,0.6583
0.2953,0.6585
0.2953,0.6587
0.2958,0.6587
0.2958,0.659
0.2958,0.6592
0.2958,0.6595
0.2958,0.6597
0.2958,0.6599
0.2958,0.6602
0.2958,0.6604
0.2958,0.6606
0.2963,0.6606
0.2969,0.6606
0.2969,0.6609
0.2969,0.6611
0.2974,0.6611
0.2974,0.6613
0.2974,0.6616
0.2974,0.6618
0.2974,0.6621
0.2979,0.6621
0.2979,0.6623
0.2979,0.6625
0.2984,0.6625
0.2984,0.6628
0.2984,0.663
0.2989,0.663
0.2989,0.6632
0.2989,0.6635
0.2994,0.6635
0.2994,0.6637
0.2999,0.6637
0.2999,0.664
0.3004,0.664
0.3004,0.6642
0.3004,0.6644
0.3004,0.6647
0.3004,0.6649
0.3004,0.6651
0.3004,0.6654
0.3004,0.6656
0.3009,0.6656
0.3009,0.6658
0.3009,0.6661
0.3014,0.6661
0.3014,0.6663
0.3014,0.6666
0.3019,0.6666
0.3019,0.6668
0.3019,0.667
0.3019,0.6673
0.3019,0.6675
0.3019,0.6677
0.3024,0.6677
0.3024,0.668
0.3024,0.6682
0.3029,0.6682
0.3029,0.6685
0.3029,0.6687
0.3034,0.6687
0.304,0.6687
0.304,0.6689
0.3045,0.6689
0.3045,0.6692
0.305,0.6692
0.305,0.6694
0.305,0.6696
0.305,0.6699
0.305,0.6701
0.3055,0.6701
0.3055,0.6703
0.3055,0.6706
0.3055,0.6708
0.306,0.6708
0.306,0.6711
0.3065,0.6711
0.3065,0.6713
0.3065,0.6715
0.3065,0.6718
0.3065,0.672
0.3065,0.6722
0.3065,0.6725
0.307,0.6725
0.307,0.6727
0.307,0.673
0.3075,0.673
0.3075,0.6732
0.3075,0.6734
0.3075,0.6737
0.308,0.6737
0.308,0.6739
0.308,0.6741
0.308,0.6744
0.3085,0.6744
0.3085,0.6746
0.3085,0.6748
0.3085,0.6751
0.309,0.6751
0.309,0.6753
0.309,0.6756
0.309,0.6758
0.3095,0.6758
0.3095,0.676
0.31,0.676
0.31,0.6763
0.31,0.6765
0.31,0.6767
0.31,0.677
0.3106,0.677
0.3106,0.6772
0.3106,0.6775
0.3106,0.6777
0.3106,0.6779
0.3106,0.6782
0.3106,0.6784
0.3106,0.6786
0.3111,0.6786
0.3116,0.6786
0.3116,0.6789
0.3116,0.6791
0.3121,0.6791
0.3121,0.6793
0.3121,0.6796
0.3126,0.6796
0.3126,0.6798
0.3126,0.6801
0.3126,0.6803
0.3126,0.6805
0.3126,0.6808
0.3126,0.681
0.3126,0.6812
0.3126,0.6815
0.3126,0.6817
0.3131,0.6817
0.3136,0.6817
0.3141,0.6817
0.3141,0.682
0.3141,0.6822
0.3141,0.6824
0.3141,0.6827
0.3146,0.6827
0.3146,0.6829
0.3151,0.6829
0.3156,0.6829
0.3161,0.6829
0.3166,0.6829
0.3171,0.6829
0.3171,0.6831
0.3177,0.6831
0.3177,0.6834
0.3177,0.6836
0.3182,0.6836
0.3182,0.6838
0.3182,0.6841
0.3187,0.6841
0.3187,0.6843
0.3187,0.6846
0.3187,0.6848
0.3187,0.685
0.3187,0.6853
0.3187,0.6855
0.3187,0.6857
0.3187,0.686
0.3187,0.6862
0.3187,0.6865
0.3187,0.6867
0.3192,0.6867
0.3197,0.6867
0.3197,0.6869
0.3202,0.6869
0.3207,0.6869
0.3207,0.6872
0.3207,0.6874
0.3207,0.6876
0.3212,0.6876
0.3212,0.6879
0.3217,0.6879
0.3217,0.6881
0.3222,0.6881
0.3222,0.6883
0.3227,0.6883
0.3227,0.6886
0.3227,0.6888
0.3232,0.6888
0.3237,0.6888
0.3243,0.6888
0.3243,0.6891
0.3243,0.6893
0.3243,0.6895
0.3248,0.6895
0.3253,0.6895
0.3253,0.6898
0.3258,0.6898
0.3258,0.69
0.3263,0.69
0.3263,0.6902
0.3268,0.6902
0.3268,0.6905
0.3268,0.6907
0.3268,0.691
0.3268,0.6912
0.3268,0.6914
0.3268,0.6917
0.3268,0.6919
0.3268,0.6921
0.3268,0.6924
0.3273,0.6924
0.3273,0.6926
0.3278,0.6926
0.3283,0.6926
0.3288,0.6926
0.3288,0.6928
0.3293,0.6928
0.3298,0.6928
0.3298,0.6931
0.3303,0.6931
0.3308,0.6931
0.3308,0.6933
0.3308,0.6936
0.3314,0.6936
0.3319,0.6936
0.3319,0.6938
0.3324,0.6938
0.3324,0.694
0.3329,0.694
0.3334,0.694
0.3334,0.6943
0.3334,0.6945
0.3334,0.6947
0.3334,0.695
0.3334,0.6952
0.3334,0.6955
0.3334,0.6957
0.3339,0.6957
0.3344,0.6957
0.3349,0.6957
0.3354,0.6957
0.3354,0.6959
0.3354,0.6962
0.3354,0.6964
0.3354,0.6966
0.3354,0.6969
0.3359,0.6969
0.3359,0.6971
0.3364,0.6971
0.3364,0.6973
0.3364,0.6976
0.3364,0.6978
0.3364,0.6981
0.3369,0.6981
0.3374,0.6981
0.3379,0.6981
0.3379,0.6983
0.3385,0.6983
0.3385,0.6985
0.3385,0.6988
0.3385,0.699
0.339,0.699
0.339,0.6992
0.339,0.6995
0.339,0.6997
0.339,0.7
0.339,0.7002
0.3395,0.7002
0.34,0.7002
0.34,0.7004
0.34,0.7007
0.3405,0.7007
0.3405,0.7009
0.341,0.7009
0.341,0.7011
0.341,0.7014
0.341,0.7016
0.3415,0.7016
0.342,0.7016
0.342,0.7019
0.342,0.7021
0.342,0.7023
0.342,0.7026
0.342,0.7028
0.3425,0.7028
0.343,0.7028
0.3435,0.7028
0.3435,0.703
0.344,0.703
0.344,0.7033
0.344,0.7035
0.344,0.7037
0.344,0.704
0.344,0.7042
0.344,0.7045
0.344,0.7047
0.344,0.7049
0.344,0.7052
0.344,0.7054
0.344,0.7056
0.344,0.7059
0.344,0.7061
0.344,0.7064
0.344,0.7066
0.344,0.7068
0.344,0.7071
0.344,0.7073
0.344,0.7075
0.3445,0.7075
0.3451,0.7075
0.3456,0.7075
0.3456,0.7078
0.3461,0.7078
0.3461,0.708
0.3466,0.708
0.3466,0.7082
0.3466,0.7085
0.3466,0.7087
0.3466,0.709
0.3466,0.7092
0.3471,0.7092
0.3471,0.7094
0.3471,0.7097
0.3476,0.7097
0.3481,0.7097
0.3481,0.7099
0.3486,0.7099
0.3486,0.7101
0.3486,0.7104
0.3486,0.7106
0.3486,0.7109
0.3486,0.7111
0.3486,0.7113
0.3491,0.7113
0.3491,0.7116
0.3491,0.7118
0.3491,0.712
0.3491,0.7123
0.3496,0.7123
0.3496,0.7125
0.3496,0.7127
0.3496,0.713
0.3496,0.7132
0.3496,0.7135
0.3496,0.7137
0.3496,0.7139
0.3501,0.7139
0.3501,0.7142
0.3506,0.7142
0.3506,0.7144
0.3506,0.7146
0.3506,0.7149
0.3506,0.7151
0.3511,0.7151
0.3511,0.7154
0.3511,0.7156
0.3511,0.7158
0.3516,0.7158
0.3516,0.7161
0.3522,0.7161
0.3527,0.7161
0.3527,0.7163
0.3532,0.7163
0.3532,0.7165
0.3532,0.7168
0.3532,0.717
0.3532,0.7172
0.3532,0.7175
0.3537,0.7175
0.3542,0.7175
0.3547,0.7175
0.3547,0.7177
0.3547,0.718
0.3547,0.7182
0.3552,0.7182
0.3552,0.7184
0.3557,0.7184
0.3557,0.7187
0.3557,0.7189
0.3557,0.7191
0.3562,0.7191
0.3567,0.7191
0.3567,0.7194
0.3567,0.7196
0.3567,0.7199
0.3567,0.7201
0.3572,0.7201
0.3572,0.7203
0.3572,0.7206
0.3572,0.7208
0.3577,0.7208
0.3577,0.721
0.3577,0.7213
0.3582,0.7213
0.3582,0.7215
0.3582,0.7217
0.3588,0.7217
0.3593,0.7217
0.3593,0.722
0.3593,0.7222
0.3598,0.7222
0.3598,0.7225
0.3598,0.7227
0.3598,0.7229
0.3598,0.7232
0.3603,0.7232
0.3608,0.7232
0.3608,0.7234
0.3608,0.7236
0.3608,0.7239
0.3608,0.7241
0.3613,0.7241
0.3613,0.7244
0.3613,0.7246
0.3613,0.7248
0.3618,0.7248
0.3618,0.7251
0.3623,0.7251
0.3623,0.7253
0.3623,0.7255
0.3628,0.7255
0.3628,0.7258
0.3628,0.726
0.3633,0.726
0.3633,0.7262
0.3633,0.7265
0.3633,0.7267
0.3638,0.7267
0.3638,0.727
0.3638,0.7272
0.3643,0.7272
0.3643,0.7274
0.3643,0.7277
0.3643,0.7279
0.3648,0.7279
0.3653,0.7279
0.3659,0.7279
0.3664,0.7279
0.3664,0.7281
0.3664,0.7284
0.3664,0.7286
0.3664,0.7289
0.3664,0.7291
0.3669,0.7291
0.3669,0.7293
0.3669,0.7296
0.3674,0.7296
0.3679,0.7296
0.3679,0.7298
0.3679,0.73
0.3679,0.7303
0.3679,0.7305
0.3684,0.7305
0.3684,0.7307
0.3684,0.731
0.3684,0.7312
0.3689,0.7312
0.3689,0.7315
0.3689,0.7317
0.3694,0.7317
0.3699,0.7317
0.3704,0.7317
0.3704,0.7319
0.3704,0.7322
0.3704,0.7324
0.3709,0.7324
0.3709,0.7326
0.3709,0.7329
0.3709,0.7331
0.3709,0.7334
0.3714,0.7334
0.3714,0.7336
0.3719,0.7336
0.3724,0.7336
0.373,0.7336
0.3735,0.7336
0.374,0.7336
0.374,0.7338
0.374,0.7341
0.374,0.7343
0.374,0.7345
0.374,0.7348
0.3745,0.7348
0.3745,0.735
0.375,0.735
0.375,0.7352
0.3755,0.7352
0.376,0.7352
0.376,0.7355
0.376,0.7357
0.3765,0.7357
0.3765,0.736
0.377,0.736
0.377,0.7362
0.377,0.7364
0.377,0.7367
0.377,0.7369
0.377,0.7371
0.377,0.7374
0.3775,0.7374
0.3775,0.7376
0.3775,0.7379
0.378,0.7379
0.3785,0.7379
0.379,0.7379
0.3796,0.7379
0.3796,0.7381
0.3801,0.7381
0.3806,0.7381
0.3811,0.7381
0.3811,0.7383
0.3816,0.7383
0.3816,0.7386
0.3816,0.7388
0.3816,0.739
0.3816,0.7393
0.3821,0.7393
0.3826,0.7393
0.3826,0.7395
0.3826,0.7397
0.3826,0.74
0.3826,0.7402
0.3826,0.7405
0.3826,0.7407
0.3826,0.7409
0.3831,0.7409
0.3831,0.7412
0.3831,0.7414
0.3831,0.7416
0.3831,0.7419
0.3836,0.7419
0.3841,0.7419
0.3846,0.7419
0.3851,0.7419
0.3851,0.7421
0.3851,0.7424
0.3851,0.7426
0.3851,0.7428
0.3856,0.7428
0.3856,0.7431
0.3856,0.7433
0.3861,0.7433
0.3867,0.7433
0.3867,0.7435
0.3872,0.7435
0.3877,0.7435
0.3877,0.7438
0.3877,0.744
0.3882,0.744
0.3882,0.7442
0.3882,0.7445
0.3887,0.7445
0.3887,0.7447
0.3887,0.745
0.3887,0.7452
0.3887,0.7454
0.3887,0.7457
0.3892,0.7457
0.3897,0.7457
0.3902,0.7457
0.3907,0.7457
0.3907,0.7459
0.3912,0.7459
0.3912,0.7461
0.3912,0.7464
0.3912,0.7466
0.3917,0.7466
0.3922,0.7466
0.3922,0.7469
0.3927,0.7469
0.3927,0.7471
0.3927,0.7473
0.3927,0.7476
0.3927,0.7478
0.3927,0.748
0.3927,0.7483
0.3933,0.7483
0.3933,0.7485
0.3933,0.7487
0.3933,0.749
0.3933,0.7492
0.3938,0.7492
0.3938,0.7495
0.3943,0.7495
0.3948,0.7495
0.3948,0.7497
0.3948,0.7499
0.3953,0.7499
0.3958,0.7499
0.3958,0.7502
0.3958,0.7504
0.3958,0.7506
0.3963,0.7506
0.3963,0.7509
0.3963,0.7511
0.3963,0.7514
0.3963,0.7516
0.3963,0.7518
0.3963,0.7521
0.3963,0.7523
0.3963,0.7525
0.3968,0.7525
0.3968,0.7528
0.3968,0.753
0.3973,0.753
0.3973,0.7532
0.3973,0.7535
0.3973,0.7537
0.3973,0.754
0.3973,0.7542
0.3978,0.7542
0.3983,0.7542
0.3983,0.7544
0.3988,0.7544
0.3993,0.7544
0.3998,0.7544
0.3998,0.7547
0.4004,0.7547
0.4004,0.7549
0.4004,0.7551
0.4009,0.7551
0.4014,0.7551
0.4019,0.7551
0.4019,0.7554
0.4019,0.7556
0.4019,0.7559
0.4019,0.7561
0.4019,0.7563
0.4019,0.7566
0.4024,0.7566
0.4024,0.7568
0.4029,0.7568
0.4029,0.757
0.4029,0.7573
0.4029,0.7575
0.4029,0.7577
0.4029,0.758
0.4029,0.7582
0.4029,0.7585
0.4029,0.7587
0.4029,0.7589
0.4029,0.7592
0.4029,0.7594
0.4029,0.7596
0.4029,0.7599
0.4029,0.7601
0.4029,0.7604
0.4034,0.7604
0.4034,0.7606
0.4034,0.7608
0.4039,0.7608
0.4039,0.7611
0.4044,0.7611
0.4044,0.7613
0.4049,0.7613
0.4054,0.7613
0.4059,0.7613
0.4059,0.7615
0.4059,0.7618
0.4064,0.7618
0.4064,0.762
0.4064,0.7622
0.4064,0.7625
0.4064,0.7627
0.407,0.7627
0.407,0.763
0.407,0.7632
0.4075,0.7632
0.4075,0.7634
0.4075,0.7637
0.4075,0.7639
0.4075,0.7641
0.4075,0.7644
0.4075,0.7646
0.4075,0.7649
0.4075,0.7651
0.408,0.7651
0.408,0.7653
0.4085,0.7653
0.409,0.7653
0.4095,0.7653
0.4095,0.7656
0.41,0.7656
0.41,0.7658
0.41,0.766
0.4105,0.766
0.411,0.766
0.411,0.7663
0.4115,0.7663
0.412,0.7663
0.412,0.7665
0.412,0.7667
0.4125,0.7667
0.4125,0.767
0.4125,0.7672
0.4125,0.7675
0.413,0.7675
0.4135,0.7675
0.4135,0.7677
0.4135,0.7679
0.4135,0.7682
0.4141,0.7682
0.4141,0.7684
0.4141,0.7686
0.4141,0.7689
0.4141,0.7691
0.4146,0.7691
0.4146,0.7694
0.4151,0.7694
0.4151,0.7696
0.4151,0.7698
0.4151,0.7701
0.4151,0.7703
0.4151,0.7705
0.4156,0.7705
0.4156,0.7708
0.4156,0.771
0.4156,0.7712
0.4161,0.7712
0.4166,0.7712
0.4166,0.7715
0.4166,0.7717
0.4166,0.772
0.4166,0.7722
0.4171,0.7722
0.4171,0.7724
0.4176,0.7724
0.4176,0.7727
0.4176,0.7729
0.4181,0.7729
0.4181,0.7731
0.4181,0.7734
0.4181,0.7736
0.4186,0.7736
0.4191,0.7736
0.4191,0.7739
0.4196,0.7739
0.4196,0.7741
0.4196,0.7743
0.4201,0.7743
0.4206,0.7743
0.4206,0.7746
0.4206,0.7748
0.4212,0.7748
0.4212,0.775
0.4212,0.7753
0.4212,0.7755
0.4212,0.7757
0.4212,0.776
0.4212,0.7762
0.4217,0.7762
0.4217,0.7765
0.4222,0.7765
0.4222,0.7767
0.4222,0.7769
0.4227,0.7769
0.4227,0.7772
0.4227,0.7774
0.4227,0.7776
0.4227,0.7779
0.4227,0.7781
0.4227,0.7784
0.4227,0.7786
0.4227,0.7788
0.4227,0.7791
0.4227,0.7793
0.4227,0.7795
0.4227,0.7798
0.4232,0.7798
0.4237,0.7798
0.4237,0.78
0.4237,0.7802
0.4237,0.7805
0.4237,0.7807
0.4237,0.781
0.4242,0.781
0.4242,0.7812
0.4247,0.7812
0.4247,0.7814
0.4247,0.7817
0.4247,0.7819
0.4247,0.7821
0.4252,0.7821
0.4252,0.7824
0.4257,0.7824
0.4257,0.7826
0.4257,0.7829
0.4262,0.7829
0.4262,0.7831
0.4267,0.7831
0.4267,0.7833
0.4267,0.7836
0.4272,0.7836
0.4272,0.7838
0.4272,0.784
0.4278,0.784
0.4283,0.784
0.4288,0.784
0.4288,0.7843
0.4288,0.7845
0.4293,0.7845
0.4298,0.7845
0.4298,0.7847
0.4303,0.7847
0.4303,0.785
0.4308,0.785
0.4308,0.7852
0.4308,0.7855
0.4313,0.7855
0.4313,0.7857
0.4318,0.7857
0.4323,0.7857
0.4328,0.7857
0.4328,0.7859
0.4333,0.7859
0.4333,0.7862
0.4333,0.7864
0.4338,0.7864
0.4338,0.7866
0.4338,0.7869
0.4338,0.7871
0.4343,0.7871
0.4349,0.7871
0.4349,0.7874
0.4354,0.7874
0.4359,0.7874
0.4359,0.7876
0.4359,0.7878
0.4359,0.7881
0.4359,0.7883
0.4359,0.7885
0.4359,0.7888
0.4364,0.7888
0.4364,0.789
0.4364,0.7892
0.4369,0.7892
0.4369,0.7895
0.4374,0.7895
0.4374,0.7897
0.4374,0.79
0.4379,0.79
0.4379,0.7902
0.4379,0.7904
0.4379,0.7907
0.4379,0.7909
0.4379,0.7911
0.4379,0.7914
0.4379,0.7916
0.4379,0.7919
0.4384,0.7919
0.4384,0.7921
0.4389,0.7921
0.4394,0.7921
0.4394,0.7923
0.4394,0.7926
0.4394,0.7928
0.4394,0.793
0.4394,0.7933
0.4399,0.7933
0.4399,0.7935
0.4399,0.7937
0.4399,0.794
0.4404,0.794
0.4409,0.794
0.4409,0.7942
0.4415,0.7942
0.442,0.7942
0.442,0.7945
0.442,0.7947
0.442,0.7949
0.442,0.7952
0.442,0.7954
0.4425,0.7954
0.443,0.7954
0.443,0.7956
0.443,0.7959
0.4435,0.7959
0.4435,0.7961
0.4435,0.7964
0.4435,0.7966
0.4435,0.7968
0.4435,0.7971
0.4435,0.7973
0.4435,0.7975
0.4435,0.7978
0.444,0.7978
0.444,0.798
0.444,0.7982
0.444,0.7985
0.4445,0.7985
0.4445,0.7987
0.4445,0.799
0.445,0.799
0.4455,0.799
0.4455,0.7992
0.446,0.7992
0.446,0.7994
0.446,0.7997
0.4465,0.7997
0.447,0.7997
0.4475,0.7997
0.448,0.7997
0.448,0.7999
0.4486,0.7999
0.4486,0.8001
0.4486,0.8004
0.4491,0.8004
0.4496,0.8004
0.4501,0.8004
0.4501,0.8006
0.4506,0.8006
0.4506,0.8009
0.4511,0.8009
0.4511,0.8011
0.4511,0.8013
0.4511,0.8016
0.4516,0.8016
0.4516,0.8018
0.4516,0.802
0.4521,0.802
0.4521,0.8023
0.4526,0.8023
0.4526,0.8025
0.4526,0.8028
0.4526,0.803
0.4526,0.8032
0.4531,0.8032
0.4531,0.8035
0.4531,0.8037
0.4536,0.8037
0.4536,0.8039
0.4541,0.8039
0.4541,0.8042
0.4546,0.8042
0.4551,0.8042
0.4551,0.8044
0.4551,0.8046
0.4557,0.8046
0.4557,0.8049
0.4562,0.8049
0.4562,0.8051
0.4562,0.8054
0.4567,0.8054
0.4567,0.8056
0.4572,0.8056
0.4577,0.8056
0.4577,0.8058
0.4582,0.8058
0.4587,0.8058
0.4587,0.8061
0.4587,0.8063
0.4592,0.8063
0.4597,0.8063
0.4597,0.8065
0.4597,0.8068
0.4602,0.8068
0.4607,0.8068
0.4612,0.8068
0.4617,0.8068
0.4617,0.807
0.4623,0.807
0.4628,0.807
0.4628,0.8073
0.4628,0.8075
0.4628,0.8077
0.4633,0.8077
0.4633,0.808
0.4638,0.808
0.4638,0.8082
0.4643,0.8082
0.4643,0.8084
0.4648,0.8084
0.4648,0.8087
0.4653,0.8087
0.4658,0.8087
0.4663,0.8087
0.4663,0.8089
0.4668,0.8089
0.4673,0.8089
0.4678,0.8089
0.4678,0.8091
0.4678,0.8094
0.4678,0.8096
0.4678,0.8099
0.4678,0.8101
0.4683,0.8101
0.4683,0.8103
0.4688,0.8103
0.4694,0.8103
0.4694,0.8106
0.4694,0.8108
0.4699,0.8108
0.4699,0.811
0.4699,0.8113
0.4704,0.8113
0.4709,0.8113
0.4709,0.8115
0.4709,0.8118
0.4714,0.8118
0.4714,0.812
0.4714,0.8122
0.4714,0.8125
0.4714,0.8127
0.4714,0.8129
0.4719,0.8129
0.4724,0.8129
0.4729,0.8129
0.4729,0.8132
0.4729,0.8134
0.4729,0.8136
0.4729,0.8139
0.4734,0.8139
0.4739,0.8139
0.4739,0.8141
0.4739,0.8144
0.4744,0.8144
0.4744,0.8146
0.4749,0.8146
0.4749,0.8148
0.4749,0.8151
0.4749,0.8153
0.4754,0.8153
0.476,0.8153
0.476,0.8155
0.476,0.8158
0.476,0.816
0.4765,0.816
0.477,0.816
0.4775,0.816
0.4775,0.8163
0.4775,0.8165
0.478,0.8165
0.4785,0.8165
0.4785,0.8167
0.4785,0.817
0.4785,0.8172
0.4785,0.8174
0.479,0.8174
0.479,0.8177
0.4795,0.8177
0.48,0.8177
0.4805,0.8177
0.4805,0.8179
0.4805,0.8181
0.4805,0.8184
0.4805,0.8186
0.481,0.8186
0.481,0.8189
0.481,0.8191
0.481,0.8193
0.4815,0.8193
0.4815,0.8196
0.482,0.8196
0.4825,0.8196
0.4825,0.8198
0.4831,0.8198
0.4831,0.82
0.4836,0.82
0.4841,0.82
0.4846,0.82
0.4851,0.82
0.4851,0.8203
0.4851,0.8205
0.4851,0.8208
0.4851,0.821
0.4856,0.821
0.4861,0.821
0.4861,0.8212
0.4861,0.8215
0.4861,0.8217
0.4861,0.8219
0.4861,0.8222
0.4866,0.8222
0.4871,0.8222
0.4876,0.8222
0.4881,0.8222
0.4881,0.8224
0.4881,0.8226
0.4886,0.8226
0.4886,0.8229
0.4891,0.8229
0.4896,0.8229
0.4896,0.8231
0.4896,0.8234
0.4902,0.8234
0.4902,0.8236
0.4902,0.8238
0.4907,0.8238
0.4907,0.8241
0.4907,0.8243
0.4912,0.8243
0.4917,0.8243
0.4917,0.8245
0.4917,0.8248
0.4917,0.825
0.4917,0.8253
0.4917,0.8255
0.4917,0.8257
0.4917,0.826
0.4917,0.8262
0.4917,0.8264
0.4917,0.8267
0.4922,0.8267
0.4922,0.8269
0.4922,0.8271
0.4922,0.8274
0.4927,0.8274
0.4932,0.8274
0.4932,0.8276
0.4932,0.8279
0.4932,0.8281
0.4937,0.8281
0.4937,0.8283
0.4942,0.8283
0.4947,0.8283
0.4947,0.8286
0.4952,0.8286
0.4952,0.8288
0.4957,0.8288
0.4957,0.829
0.4957,0.8293
0.4957,0.8295
0.4957,0.8298
0.4957,0.83
0.4957,0.8302
0.4957,0.8305
0.4962,0.8305
0.4962,0.8307
0.4968,0.8307
0.4973,0.8307
0.4978,0.8307
0.4983,0.8307
0.4988,0.8307
0.4988,0.8309
0.4993,0.8309
0.4998,0.8309
0.5003,0.8309
0.5003,0.8312
0.5003,0.8314
0.5003,0.8316
0.5003,0.8319
0.5003,0.8321
0.5008,0.8321
0.5013,0.8321
0.5013,0.8324
0.5013,0.8326
0.5013,0.8328
0.5013,0.8331
0.5013,0.8333
0.5018,0.8333
0.5023,0.8333
0.5028,0.8333
0.5033,0.8333
0.5039,0.8333
0.5039,0.8335
0.5039,0.8338
0.5039,0.834
0.5039,0.8343
0.5039,0.8345
0.5044,0.8345
0.5049,0.8345
0.5054,0.8345
0.5059,0.8345
0.5059,0.8347
0.5059,0.835
0.5064,0.835
0.5069,0.835
0.5069,0.8352
0.5069,0.8354
0.5069,0.8357
0.5074,0.8357
0.5074,0.8359
0.5074,0.8361
0.5079,0.8361
0.5084,0.8361
0.5089,0.8361
0.5094,0.8361
0.5099,0.8361
0.5099,0.8364
0.5099,0.8366
0.5105,0.8366
0.511,0.8366
0.511,0.8369
0.5115,0.8369
0.5115,0.8371
0.512,0.8371
0.512,0.8373
0.512,0.8376
0.512,0.8378
0.512,0.838
0.5125,0.838
0.5125,0.8383
0.513,0.8383
0.5135,0.8383
0.5135,0.8385
0.5135,0.8388
0.514,0.8388
0.514,0.839
0.514,0.8392
0.5145,0.8392
0.5145,0.8395
0.515,0.8395
0.515,0.8397
0.515,0.8399
0.515,0.8402
0.5155,0.8402
0.5155,0.8404
0.5155,0.8406
0.516,0.8406
0.516,0.8409
0.516,0.8411
0.516,0.8414
0.516,0.8416
0.516,0.8418
0.516,0.8421
0.5165,0.8421
0.517,0.8421
0.517,0.8423
0.517,0.8425
0.5176,0.8425
0.5181,0.8425
0.5181,0.8428
0.5186,0.8428
0.5191,0.8428
0.5196,0.8428
0.5201,0.8428
0.5206,0.8428
0.5206,0.843
0.5206,0.8433
0.5211,0.8433
0.5211,0.8435
0.5211,0.8437
0.5216,0.8437
0.5221,0.8437
0.5226,0.8437
0.5231,0.8437
0.5231,0.844
0.5231,0.8442
0.5231,0.8444
0.5236,0.8444
0.5241,0.8444
0.5241,0.8447
0.5241,0.8449
0.5241,0.8451
0.5247,0.8451
0.5252,0.8451
0.5252,0.8454
0.5257,0.8454
0.5257,0.8456
0.5262,0.8456
0.5267,0.8456
0.5272,0.8456
0.5272,0.8459
0.5277,0.8459
0.5282,0.8459
0.5287,0.8459
0.5287,0.8461
0.5292,0.8461
0.5292,0.8463
0.5297,0.8463
0.5297,0.8466
0.5302,0.8466
0.5302,0.8468
0.5302,0.847
0.5302,0.8473
0.5302,0.8475
0.5302,0.8478
0.5307,0.8478
0.5307,0.848
0.5307,0.8482
0.5313,0.8482
0.5313,0.8485
0.5318,0.8485
0.5318,0.8487
0.5323,0.8487
0.5328,0.8487
0.5328,0.8489
0.5328,0.8492
0.5333,0.8492
0.5338,0.8492
0.5343,0.8492
0.5343,0.8494
0.5343,0.8496
0.5348,0.8496
0.5348,0.8499
0.5348,0.8501
0.5353,0.8501
0.5358,0.8501
0.5358,0.8504
0.5363,0.8504
0.5363,0.8506
0.5368,0.8506
0.5373,0.8506
0.5373,0.8508
0.5378,0.8508
0.5384,0.8508
0.5389,0.8508
0.5389,0.8511
0.5394,0.8511
0.5394,0.8513
0.5394,0.8515
0.5399,0.8515
0.5404,0.8515
0.5409,0.8515
0.5409,0.8518
0.5414,0.8518
0.5414,0.852
0.5414,0.8523
0.5414,0.8525
0.5419,0.8525
0.5424,0.8525
0.5424,0.8527
0.5429,0.8527
0.5434,0.8527
0.5434,0.853
0.5439,0.853
0.5444,0.853
0.545,0.853
0.5455,0.853
0.546,0.853
0.5465,0.853
0.547,0.853
0.5475,0.853
0.5475,0.8532
0.548,0.8532
0.5485,0.8532
0.5485,0.8534
0.549,0.8534
0.5495,0.8534
0.55,0.8534
0.55,0.8537
0.5505,0.8537
0.5505,0.8539
0.5505,0.8541
0.5505,0.8544
0.5505,0.8546
0.551,0.8546
0.5515,0.8546
0.5515,0.8549
0.5521,0.8549
0.5526,0.8549
0.5526,0.8551
0.5526,0.8553
0.5526,0.8556
0.5531,0.8556
0.5536,0.8556
0.5536,0.8558
0.5541,0.8558
0.5541,0.856
0.5541,0.8563
0.5541,0.8565
0.5541,0.8568
0.5541,0.857
0.5541,0.8572
0.5541,0.8575
0.5541,0.8577
0.5541,0.8579
0.5546,0.8579
0.5546,0.8582
0.5551,0.8582
0.5556,0.8582
0.5556,0.8584
0.5561,0.8584
0.5561,0.8586
0.5566,0.8586
0.5566,0.8589
0.5566,0.8591
0.5566,0.8594
0.5566,0.8596
0.5566,0.8598
0.5566,0.8601
0.5571,0.8601
0.5576,0.8601
0.5581,0.8601
0.5581,0.8603
0.5581,0.8605
0.5586,0.8605
0.5592,0.8605
0.5597,0.8605
0.5597,0.8608
0.5602,0.8608
0.5602,0.861
0.5602,0.8613
0.5607,0.8613
0.5607,0.8615
0.5612,0.8615
0.5612,0.8617
0.5612,0.862
0.5617,0.862
0.5622,0.862
0.5627,0.862
0.5632,0.862
0.5632,0.8622
0.5637,0.8622
0.5642,0.8622
0.5647,0.8622
0.5652,0.8622
0.5652,0.8624
0.5652,0.8627
0.5658,0.8627
0.5663,0.8627
0.5668,0.8627
0.5673,0.8627
0.5673,0.8629
0.5673,0.8631
0.5678,0.8631
0.5683,0.8631
0.5683,0.8634
0.5688,0.8634
0.5693,0.8634
0.5698,0.8634
0.5698,0.8636
0.5698,0.8639
0.5698,0.8641
0.5703,0.8641
0.5703,0.8643
0.5703,0.8646
0.5708,0.8646
0.5713,0.8646
0.5713,0.8648
0.5713,0.865
0.5713,0.8653
0.5718,0.8653
0.5718,0.8655
0.5723,0.8655
0.5723,0.8658
0.5729,0.8658
0.5734,0.8658
0.5739,0.8658
0.5744,0.8658
0.5744,0.866
0.5749,0.866
0.5749,0.8662
0.5749,0.8665
0.5749,0.8667
0.5754,0.8667
0.5759,0.8667
0.5759,0.8669
0.5764,0.8669
0.5769,0.8669
0.5774,0.8669
0.5779,0.8669
0.5779,0.8672
0.5784,0.8672
0.5784,0.8674
0.5784,0.8676
0.5789,0.8676
0.5789,0.8679
0.5789,0.8681
0.5789,0.8684
0.5795,0.8684
0.5795,0.8686
0.58,0.8686
0.5805,0.8686
0.5805,0.8688
0.5805,0.8691
0.5805,0.8693
0.5805,0.8695
0.581,0.8695
0.5815,0.8695
0.5815,0.8698
0.582,0.8698
0.582,0.87
0.582,0.8703
0.5825,0.8703
0.583,0.8703
0.5835,0.8703
0.5835,0.8705
0.5835,0.8707
0.5835,0.871
0.584,0.871
0.584,0.8712
0.5845,0.8712
0.585,0.8712
0.5855,0.8712
0.5855,0.8714
0.586,0.8714
0.5866,0.8714
0.5866,0.8717
0.5871,0.8717
0.5871,0.8719
0.5871,0.8721
0.5876,0.8721
0.5876,0.8724
0.5881,0.8724
0.5881,0.8726
0.5881,0.8729
0.5886,0.8729
0.5886,0.8731
0.5891,0.8731
0.5896,0.8731
0.5901,0.8731
0.5906,0.8731
0.5911,0.8731
0.5911,0.8733
0.5916,0.8733
0.5921,0.8733
0.5921,0.8736
0.5921,0.8738
0.5926,0.8738
0.5926,0.874
0.5931,0.874
0.5931,0.8743
0.5931,0.8745
0.5931,0.8748
0.5931,0.875
0.5937,0.875
0.5937,0.8752
0.5942,0.8752
0.5942,0.8755
0.5942,0.8757
0.5947,0.8757
0.5947,0.8759
0.5947,0.8762
0.5952,0.8762
0.5957,0.8762
0.5957,0.8764
0.5957,0.8766
0.5957,0.8769
0.5957,0.8771
0.5957,0.8774
0.5957,0.8776
0.5957,0.8778
0.5957,0.8781
0.5957,0.8783
0.5962,0.8783
0.5962,0.8785
0.5967,0.8785
0.5967,0.8788
0.5967,0.879
0.5967,0.8793
0.5972,0.8793
0.5977,0.8793
0.5977,0.8795
0.5982,0.8795
0.5987,0.8795
0.5992,0.8795
0.5992,0.8797
0.5992,0.88
0.5997,0.88
0.5997,0.8802
0.5997,0.8804
0.5997,0.8807
0.6003,0.8807
0.6003,0.8809
0.6003,0.8811
0.6008,0.8811
0.6013,0.8811
0.6018,0.8811
0.6018,0.8814
0.6023,0.8814
0.6023,0.8816
0.6028,0.8816
0.6033,0.8816
0.6038,0.8816
0.6043,0.8816
0.6043,0.8819
0.6043,0.8821
0.6048,0.8821
0.6048,0.8823
0.6048,0.8826
0.6053,0.8826
0.6058,0.8826
0.6058,0.8828
0.6058,0.883
0.6058,0.8833
0.6063,0.8833
0.6068,0.8833
0.6074,0.8833
0.6074,0.8835
0.6074,0.8838
0.6079,0.8838
0.6079,0.884
0.6079,0.8842
0.6079,0.8845
0.6079,0.8847
0.6084,0.8847
0.6084,0.8849
0.6089,0.8849
0.6089,0.8852
0.6094,0.8852
0.6094,0.8854
0.6094,0.8856
0.6099,0.8856
0.6099,0.8859
0.6104,0.8859
0.6109,0.8859
0.6114,0.8859
0.6119,0.8859
0.6119,0.8861
0.6119,0.8864
0.6119,0.8866
0.6124,0.8866
0.6124,0.8868
0.6129,0.8868
0.6129,0.8871
0.6129,0.8873
0.6134,0.8873
0.614,0.8873
0.614,0.8875
0.614,0.8878
0.6145,0.8878
0.6145,0.888
0.6145,0.8883
0.6145,0.8885
0.6145,0.8887
0.615,0.8887
0.615,0.889
0.6155,0.889
0.6155,0.8892
0.6155,0.8894
0.616,0.8894
0.616,0.8897
0.616,0.8899
0.616,0.8901
0.616,0.8904
0.616,0.8906
0.616,0.8909
0.6165,0.8909
0.617,0.8909
0.6175,0.8909
0.6175,0.8911
0.618,0.8911
0.618,0.8913
0.618,0.8916
0.6185,0.8916
0.619,0.8916
0.6195,0.8916
0.62,0.8916
0.6205,0.8916
0.6211,0.8916
0.6216,0.8916
0.6221,0.8916
0.6226,0.8916
0.6231,0.8916
0.6236,0.8916
0.6236,0.8918
0.6241,0.8918
0.6246,0.8918
0.6246,0.892
0.6251,0.892
0.6256,0.892
0.6256,0.8923
0.6261,0.8923
0.6266,0.8923
0.6271,0.8923
0.6271,0.8925
0.6277,0.8925
0.6282,0.8925
0.6287,0.8925
0.6292,0.8925
0.6297,0.8925
0.6297,0.8928
0.6297,0.893
0.6297,0.8932
0.6297,0.8935
0.6297,0.8937
0.6297,0.8939
0.6297,0.8942
0.6302,0.8942
0.6307,0.8942
0.6312,0.8942
0.6312,0.8944
0.6317,0.8944
0.6317,0.8946
0.6317,0.8949
0.6317,0.8951
0.6317,0.8954
0.6322,0.8954
0.6327,0.8954
0.6327,0.8956
0.6332,0.8956
0.6332,0.8958
0.6337,0.8958
0.6342,0.8958
0.6342,0.8961
0.6348,0.8961
0.6348,0.8963
0.6353,0.8963
0.6358,0.8963
0.6363,0.8963
0.6368,0.8963
0.6368,0.8965
0.6373,0.8965
0.6378,0.8965
0.6383,0.8965
0.6383,0.8968
0.6388,0.8968
0.6388,0.897
0.6393,0.897
0.6398,0.897
0.6403,0.897
0.6408,0.897
0.6408,0.8973
0.6408,0.8975
0.6413,0.8975
0.6419,0.8975
0.6419,0.8977
0.6419,0.898
0.6424,0.898
0.6424,0.8982
0.6429,0.8982
0.6429,0.8984
0.6434,0.8984
0.6439,0.8984
0.6439,0.8987
0.6439,0.8989
0.6439,0.8991
0.6439,0.8994
0.6439,0.8996
0.6439,0.8999
0.6439,0.9001
0.6439,0.9003
0.6439,0.9006
0.6444,0.9006
0.6449,0.9006
0.6449,0.9008
0.6454,0.9008
0.6459,0.9008
0.6459,0.901
0.6459,0.9013
0.6459,0.9015
0.6464,0.9015
0.6469,0.9015
0.6474,0.9015
0.6479,0.9015
0.6479,0.9018
0.6479,0.902
0.6485,0.902
0.649,0.902
0.6495,0.902
0.65,0.902
0.65,0.9022
0.6505,0.9022
0.6505,0.9025
0.651,0.9025
0.6515,0.9025
0.652,0.9025
0.652,0.9027
0.6525,0.9027
0.653,0.9027
0.653,0.9029
0.653,0.9032
0.653,0.9034
0.6535,0.9034
0.6535,0.9037
0.6535,0.9039
0.6535,0.9041
0.6535,0.9044
0.654,0.9044
0.654,0.9046
0.6545,0.9046
0.6545,0.9048
0.655,0.9048
0.6556,0.9048
0.6556,0.9051
0.6561,0.9051
0.6566,0.9051
0.6571,0.9051
0.6576,0.9051
0.6581,0.9051
0.6586,0.9051
0.6591,0.9051
0.6591,0.9053
0.6596,0.9053
0.6596,0.9055
0.6601,0.9055
0.6606,0.9055
0.6611,0.9055
0.6611,0.9058
0.6616,0.9058
0.6616,0.906
0.6622,0.906
0.6627,0.906
0.6627,0.9063
0.6632,0.9063
0.6637,0.9063
0.6642,0.9063
0.6642,0.9065
0.6642,0.9067
0.6642,0.907
0.6647,0.907
0.6652,0.907
0.6657,0.907
0.6657,0.9072
0.6662,0.9072
0.6667,0.9072
0.6672,0.9072
0.6677,0.9072
0.6682,0.9072
0.6682,0.9074
0.6682,0.9077
0.6682,0.9079
0.6687,0.9079
0.6693,0.9079
0.6698,0.9079
0.6703,0.9079
0.6708,0.9079
0.6708,0.9082
0.6713,0.9082
0.6713,0.9084
0.6718,0.9084
0.6718,0.9086
0.6718,0.9089
0.6723,0.9089
0.6728,0.9089
0.6733,0.9089
0.6738,0.9089
0.6738,0.9091
0.6743,0.9091
0.6743,0.9093
0.6748,0.9093
0.6753,0.9093
0.6758,0.9093
0.6758,0.9096
0.6758,0.9098
0.6764,0.9098
0.6764,0.91
0.6764,0.9103
0.6769,0.9103
0.6774,0.9103
0.6774,0.9105
0.6774,0.9108
0.6779,0.9108
0.6779,0.911
0.6784,0.911
0.6789,0.911
0.6789,0.9112
0.6789,0.9115
0.6789,0.9117
0.6794,0.9117
0.6799,0.9117
0.6804,0.9117
0.6809,0.9117
0.6814,0.9117
0.6814,0.9119
0.6814,0.9122
0.6819,0.9122
0.6819,0.9124
0.6819,0.9127
0.6824,0.9127
0.683,0.9127
0.683,0.9129
0.683,0.9131
0.6835,0.9131
0.6835,0.9134
0.684,0.9134
0.684,0.9136
0.6845,0.9136
0.6845,0.9138
0.6845,0.9141
0.6845,0.9143
0.685,0.9143
0.6855,0.9143
0.686,0.9143
0.6865,0.9143
0.687,0.9143
0.687,0.9145
0.6875,0.9145
0.6875,0.9148
0.688,0.9148
0.688,0.915
0.6885,0.915
0.6885,0.9153
0.6885,0.9155
0.6885,0.9157
0.689,0.9157
0.6895,0.9157
0.6895,0.916
0.6895,0.9162
0.6895,0.9164
0.6901,0.9164
0.6906,0.9164
0.6911,0.9164
0.6911,0.9167
0.6916,0.9167
0.6916,0.9169
0.6916,0.9172
0.6921,0.9172
0.6921,0.9174
0.6926,0.9174
0.6926,0.9176
0.6931,0.9176
0.6931,0.9179
0.6931,0.9181
0.6931,0.9183
0.6931,0.9186
0.6931,0.9188
0.6936,0.9188
0.6941,0.9188
0.6946,0.9188
0.6951,0.9188
0.6951,0.919
0.6951,0.9193
0.6951,0.9195
0.6956,0.9195
0.6956,0.9198
0.6956,0.92
0.6961,0.92
0.6967,0.92
0.6972,0.92
0.6977,0.92
0.6982,0.92
0.6982,0.9202
0.6987,0.9202
0.6992,0.9202
0.6997,0.9202
0.7002,0.9202
0.7007,0.9202
0.7012,0.9202
0.7017,0.9202
0.7017,0.9205
0.7017,0.9207
0.7017,0.9209
0.7022,0.9209
0.7027,0.9209
0.7027,0.9212
0.7032,0.9212
0.7038,0.9212
0.7043,0.9212
0.7048,0.9212
0.7048,0.9214
0.7053,0.9214
0.7053,0.9217
0.7058,0.9217
0.7063,0.9217
0.7063,0.9219
0.7063,0.9221
0.7063,0.9224
0.7068,0.9224
0.7068,0.9226
0.7068,0.9228
0.7068,0.9231
0.7068,0.9233
0.7073,0.9233
0.7078,0.9233
0.7083,0.9233
0.7083,0.9235
0.7088,0.9235
0.7093,0.9235
0.7093,0.9238
0.7098,0.9238
0.7098,0.924
0.7098,0.9243
0.7098,0.9245
0.7098,0.9247
0.7103,0.9247
0.7109,0.9247
0.7109,0.925
0.7109,0.9252
0.7114,0.9252
0.7119,0.9252
0.7124,0.9252
0.7129,0.9252
0.7129,0.9254
0.7134,0.9254
0.7134,0.9257
0.7134,0.9259
0.7139,0.9259
0.7144,0.9259
0.7144,0.9262
0.7144,0.9264
0.7144,0.9266
0.7144,0.9269
0.7149,0.9269
0.7149,0.9271
0.7149,0.9273
0.7149,0.9276
0.7154,0.9276
0.7159,0.9276
0.7159,0.9278
0.7159,0.928
0.7164,0.928
0.7164,0.9283
0.7169,0.9283
0.7169,0.9285
0.7175,0.9285
0.718,0.9285
0.718,0.9288
0.718,0.929
0.7185,0.929
0.7185,0.9292
0.719,0.9292
0.7195,0.9292
0.72,0.9292
0.7205,0.9292
0.7205,0.9295
0.7205,0.9297
0.7205,0.9299
0.7205,0.9302
0.7205,0.9304
0.721,0.9304
0.721,0.9307
0.721,0.9309
0.7215,0.9309
0.722,0.9309
0.7225,0.9309
0.7225,0.9311
0.7225,0.9314
0.723,0.9314
0.7235,0.9314
0.7235,0.9316
0.7235,0.9318
0.724,0.9318
0.7246,0.9318
0.7246,0.9321
0.7251,0.9321
0.7251,0.9323
0.7251,0.9325
0.7251,0.9328
0.7251,0.933
0.7256,0.933
0.7261,0.933
0.7261,0.9333
0.7266,0.9333
0.7271,0.9333
0.7276,0.9333
0.7281,0.9333
0.7286,0.9333
0.7286,0.9335
0.7291,0.9335
0.7296,0.9335
0.7296,0.9337
0.7296,0.934
0.7301,0.934
0.7306,0.934
0.7312,0.934
0.7317,0.934
0.7317,0.9342
0.7317,0.9344
0.7322,0.9344
0.7327,0.9344
0.7327,0.9347
0.7327,0.9349
0.7327,0.9352
0.7327,0.9354
0.7327,0.9356
0.7327,0.9359
0.7327,0.9361
0.7332,0.9361
0.7332,0.9363
0.7337,0.9363
0.7337,0.9366
0.7342,0.9366
0.7342,0.9368
0.7347,0.9368
0.7352,0.9368
0.7357,0.9368
0.7357,0.937
0.7357,0.9373
0.7362,0.9373
0.7362,0.9375
0.7367,0.9375
0.7367,0.9378
0.7367,0.938
0.7372,0.938
0.7377,0.938
0.7383,0.938
0.7383,0.9382
0.7383,0.9385
0.7383,0.9387
0.7383,0.9389
0.7383,0.9392
0.7388,0.9392
0.7388,0.9394
0.7388,0.9397
0.7388,0.9399
0.7393,0.9399
0.7393,0.9401
0.7393,0.9404
0.7398,0.9404
0.7398,0.9406
0.7398,0.9408
0.7403,0.9408
0.7408,0.9408
0.7408,0.9411
0.7413,0.9411
0.7418,0.9411
0.7423,0.9411
0.7423,0.9413
0.7428,0.9413
0.7433,0.9413
0.7433,0.9415
0.7433,0.9418
0.7438,0.9418
0.7443,0.9418
0.7448,0.9418
0.7448,0.942
0.7448,0.9423
0.7448,0.9425
0.7454,0.9425
0.7454,0.9427
0.7454,0.943
0.7459,0.943
0.7459,0.9432
0.7459,0.9434
0.7459,0.9437
0.7464,0.9437
0.7469,0.9437
0.7474,0.9437
0.7479,0.9437
0.7484,0.9437
0.7489,0.9437
0.7489,0.9439
0.7494,0.9439
0.7499,0.9439
0.7499,0.9442
0.7504,0.9442
0.7509,0.9442
0.7509,0.9444
0.7514,0.9444
0.752,0.9444
0.7525,0.9444
0.753,0.9444
0.753,0.9446
0.7535,0.9446
0.7535,0.9449
0.754,0.9449
0.754,0.9451
0.754,0.9453
0.7545,0.9453
0.755,0.9453
0.755,0.9456
0.755,0.9458
0.755,0.946
0.7555,0.946
0.756,0.946
0.756,0.9463
0.756,0.9465
0.7565,0.9465
0.7565,0.9468
0.757,0.9468
0.7575,0.9468
0.758,0.9468
0.758,0.947
0.758,0.9472
0.758,0.9475
0.758,0.9477
0.7585,0.9477
0.7591,0.9477
0.7596,0.9477
0.7596,0.9479
0.7601,0.9479
0.7601,0.9482
0.7606,0.9482
0.7611,0.9482
0.7616,0.9482
0.7621,0.9482
0.7621,0.9484
0.7626,0.9484
0.7626,0.9487
0.7631,0.9487
0.7631,0.9489
0.7631,0.9491
0.7631,0.9494
0.7636,0.9494
0.7641,0.9494
0.7646,0.9494
0.7646,0.9496
0.7651,0.9496
0.7651,0.9498
0.7651,0.9501
0.7657,0.9501
0.7657,0.9503
0.7662,0.9503
0.7662,0.9505
0.7662,0.9508
0.7667,0.9508
0.7672,0.9508
0.7672,0.951
0.7672,0.9513
0.7672,0.9515
0.7672,0.9517
0.7672,0.952
0.7677,0.952
0.7682,0.952
0.7682,0.9522
0.7687,0.9522
0.7687,0.9524
0.7687,0.9527
0.7692,0.9527
0.7697,0.9527
0.7702,0.9527
0.7707,0.9527
0.7712,0.9527
0.7712,0.9529
0.7717,0.9529
0.7717,0.9532
0.7722,0.9532
0.7728,0.9532
0.7733,0.9532
0.7738,0.9532
0.7738,0.9534
0.7738,0.9536
0.7738,0.9539
0.7743,0.9539
0.7748,0.9539
0.7753,0.9539
0.7758,0.9539
0.7758,0.9541
0.7763,0.9541
0.7768,0.9541
0.7773,0.9541
0.7778,0.9541
0.7783,0.9541
0.7788,0.9541
0.7788,0.9543
0.7793,0.9543
0.7799,0.9543
0.7804,0.9543
0.7809,0.9543
0.7809,0.9546
0.7809,0.9548
0.7809,0.955
0.7814,0.955
0.7819,0.955
0.7819,0.9553
0.7819,0.9555
0.7819,0.9558
0.7819,0.956
0.7824,0.956
0.7824,0.9562
0.7829,0.9562
0.7834,0.9562
0.7839,0.9562
0.7839,0.9565
0.7839,0.9567
0.7844,0.9567
0.7844,0.9569
0.7849,0.9569
0.7854,0.9569
0.7859,0.9569
0.7865,0.9569
0.787,0.9569
0.7875,0.9569
0.788,0.9569
0.7885,0.9569
0.789,0.9569
0.789,0.9572
0.7895,0.9572
0.79,0.9572
0.7905,0.9572
0.791,0.9572
0.791,0.9574
0.7915,0.9574
0.7915,0.9577
0.792,0.9577
0.7925,0.9577
0.793,0.9577
0.7936,0.9577
0.7941,0.9577
0.7946,0.9577
0.7951,0.9577
0.7956,0.9577
0.7956,0.9579
0.7961,0.9579
0.7966,0.9579
0.7971,0.9579
0.7971,0.9581
0.7976,0.9581
0.7976,0.9584
0.7981,0.9584
0.7986,0.9584
0.7991,0.9584
0.7991,0.9586
0.7996,0.9586
0.8002,0.9586
0.8002,0.9588
0.8007,0.9588
0.8012,0.9588
0.8017,0.9588
0.8022,0.9588
0.8027,0.9588
0.8027,0.9591
0.8027,0.9593
0.8032,0.9593
0.8032,0.9595
0.8037,0.9595
0.8042,0.9595
0.8047,0.9595
0.8052,0.9595
0.8052,0.9598
0.8057,0.9598
0.8062,0.9598
0.8062,0.96
0.8067,0.96
0.8073,0.96
0.8078,0.96
0.8078,0.9603
0.8083,0.9603
0.8083,0.9605
0.8088,0.9605
0.8088,0.9607
0.8088,0.961
0.8093,0.961
0.8098,0.961
0.8098,0.9612
0.8103,0.9612
0.8108,0.9612
0.8113,0.9612
0.8113,0.9614
0.8118,0.9614
0.8123,0.9614
0.8128,0.9614
0.8128,0.9617
0.8133,0.9617
0.8139,0.9617
0.8144,0.9617
0.8149,0.9617
0.8154,0.9617
0.8154,0.9619
0.8154,0.9622
0.8159,0.9622
0.8159,0.9624
0.8159,0.9626
0.8159,0.9629
0.8164,0.9629
0.8169,0.9629
0.8174,0.9629
0.8174,0.9631
0.8174,0.9633
0.8174,0.9636
0.8179,0.9636
0.8179,0.9638
0.8184,0.9638
0.8189,0.9638
0.8189,0.964
0.8189,0.9643
0.8194,0.9643
0.8199,0.9643
0.8199,0.9645
0.8204,0.9645
0.821,0.9645
0.8215,0.9645
0.822,0.9645
0.822,0.9648
0.8225,0.9648
0.8225,0.965
0.8225,0.9652
0.823,0.9652
0.8235,0.9652
0.824,0.9652
0.8245,0.9652
0.825,0.9652
0.8255,0.9652
0.826,0.9652
0.8265,0.9652
0.827,0.9652
0.827,0.9655
0.8275,0.9655
0.8281,0.9655
0.8286,0.9655
0.8291,0.9655
0.8296,0.9655
0.8301,0.9655
0.8301,0.9657
0.8306,0.9657
0.8311,0.9657
0.8316,0.9657
0.8321,0.9657
0.8321,0.9659
0.8321,0.9662
0.8326,0.9662
0.8331,0.9662
0.8336,0.9662
0.8341,0.9662
0.8341,0.9664
0.8341,0.9667
0.8347,0.9667
0.8352,0.9667
0.8357,0.9667
0.8362,0.9667
0.8367,0.9667
0.8367,0.9669
0.8367,0.9671
0.8372,0.9671
0.8377,0.9671
0.8382,0.9671
0.8387,0.9671
0.8387,0.9674
0.8387,0.9676
0.8392,0.9676
0.8397,0.9676
0.8402,0.9676
0.8402,0.9678
0.8407,0.9678
0.8412,0.9678
0.8418,0.9678
0.8418,0.9681
0.8423,0.9681
0.8423,0.9683
0.8428,0.9683
0.8433,0.9683
0.8433,0.9685
0.8433,0.9688
0.8433,0.969
0.8438,0.969
0.8443,0.969
0.8443,0.9693
0.8448,0.9693
0.8448,0.9695
0.8453,0.9695
0.8458,0.9695
0.8458,0.9697
0.8463,0.9697
0.8468,0.9697
0.8468,0.97
0.8473,0.97
0.8478,0.97
0.8484,0.97
0.8484,0.9702
0.8489,0.9702
0.8489,0.9704
0.8494,0.9704
0.8499,0.9704
0.8504,0.9704
0.8504,0.9707
0.8509,0.9707
0.8514,0.9707
0.8519,0.9707
0.8519,0.9709
0.8519,0.9712
0.8519,0.9714
0.8519,0.9716
0.8519,0.9719
0.8519,0.9721
0.8524,0.9721
0.8524,0.9723
0.8529,0.9723
0.8534,0.9723
0.8539,0.9723
0.8544,0.9723
0.8544,0.9726
0.8544,0.9728
0.8544,0.973
0.8549,0.973
0.8555,0.973
0.8555,0.9733
0.856,0.9733
0.8565,0.9733
0.857,0.9733
0.8575,0.9733
0.8575,0.9735
0.8575,0.9738
0.858,0.9738
0.8585,0.9738
0.859,0.9738
0.8595,0.9738
0.8595,0.974
0.8595,0.9742
0.8595,0.9745
0.8595,0.9747
0.8595,0.9749
0.86,0.9749
0.86,0.9752
0.8605,0.9752
0.861,0.9752
0.8615,0.9752
0.862,0.9752
0.862,0.9754
0.8626,0.9754
0.8626,0.9757
0.8631,0.9757
0.8631,0.9759
0.8631,0.9761
0.8636,0.9761
0.8641,0.9761
0.8641,0.9764
0.8641,0.9766
0.8646,0.9766
0.8646,0.9768
0.8646,0.9771
0.8651,0.9771
0.8656,0.9771
0.8661,0.9771
0.8666,0.9771
0.8666,0.9773
0.8671,0.9773
0.8676,0.9773
0.8676,0.9775
0.8676,0.9778
0.8681,0.9778
0.8681,0.978
0.8686,0.978
0.8692,0.978
0.8692,0.9783
0.8697,0.9783
0.8702,0.9783
0.8707,0.9783
0.8707,0.9785
0.8712,0.9785
0.8717,0.9785
0.8722,0.9785
0.8722,0.9787
0.8727,0.9787
0.8727,0.979
0.8732,0.979
0.8737,0.979
0.8737,0.9792
0.8742,0.9792
0.8742,0.9794
0.8747,0.9794
0.8747,0.9797
0.8747,0.9799
0.8752,0.9799
0.8757,0.9799
0.8757,0.9802
0.8763,0.9802
0.8768,0.9802
0.8768,0.9804
0.8773,0.9804
0.8778,0.9804
0.8783,0.9804
0.8783,0.9806
0.8788,0.9806
0.8788,0.9809
0.8793,0.9809
0.8793,0.9811
0.8793,0.9813
0.8793,0.9816
0.8798,0.9816
0.8803,0.9816
0.8808,0.9816
0.8808,0.9818
0.8808,0.982
0.8813,0.982
0.8818,0.982
0.8823,0.982
0.8829,0.982
0.8829,0.9823
0.8834,0.9823
0.8839,0.9823
0.8839,0.9825
0.8844,0.9825
0.8844,0.9828
0.8849,0.9828
0.8854,0.9828
0.8859,0.9828
0.8859,0.983
0.8864,0.983
0.8864,0.9832
0.8869,0.9832
0.8874,0.9832
0.8879,0.9832
0.8884,0.9832
0.8884,0.9835
0.8889,0.9835
0.8889,0.9837
0.8894,0.9837
0.89,0.9837
0.8905,0.9837
0.891,0.9837
0.8915,0.9837
0.892,0.9837
0.8925,0.9837
0.893,0.9837
0.8935,0.9837
0.894,0.9837
0.894,0.9839
0.8945,0.9839
0.895,0.9839
0.8955,0.9839
0.8955,0.9842
0.896,0.9842
0.8965,0.9842
0.8971,0.9842
0.8976,0.9842
0.8976,0.9844
0.8981,0.9844
0.8986,0.9844
0.8986,0.9847
0.8991,0.9847
0.8991,0.9849
0.8991,0.9851
0.8996,0.9851
0.9001,0.9851
0.9001,0.9854
0.9001,0.9856
0.9006,0.9856
0.9011,0.9856
0.9016,0.9856
0.9021,0.9856
0.9026,0.9856
0.9031,0.9856
0.9031,0.9858
0.9031,0.9861
0.9031,0.9863
0.9037,0.9863
0.9042,0.9863
0.9047,0.9863
0.9052,0.9863
0.9052,0.9865
0.9057,0.9865
0.9062,0.9865
0.9067,0.9865
0.9072,0.9865
0.9077,0.9865
0.9082,0.9865
0.9087,0.9865
0.9092,0.9865
0.9097,0.9865
0.9097,0.9868
0.9097,0.987
0.9097,0.9873
0.9102,0.9873
0.9108,0.9873
0.9113,0.9873
0.9118,0.9873
0.9118,0.9875
0.9123,0.9875
0.9128,0.9875
0.9133,0.9875
0.9138,0.9875
0.9143,0.9875
0.9148,0.9875
0.9153,0.9875
0.9158,0.9875
0.9163,0.9875
0.9168,0.9875
0.9174,0.9875
0.9174,0.9877
0.9179,0.9877
0.9179,0.988
0.9184,0.988
0.9189,0.988
0.9189,0.9882
0.9189,0.9884
0.9194,0.9884
0.9199,0.9884
0.9204,0.9884
0.9209,0.9884
0.9214,0.9884
0.9214,0.9887
0.9219,0.9887
0.9219,0.9889
0.9224,0.9889
0.9229,0.9889
0.9234,0.9889
0.9239,0.9889
0.9245,0.9889
0.925,0.9889
0.9255,0.9889
0.926,0.9889
0.926,0.9892
0.9265,0.9892
0.927,0.9892
0.927,0.9894
0.9275,0.9894
0.928,0.9894
0.9285,0.9894
0.929,0.9894
0.929,0.9896
0.9295,0.9896
0.93,0.9896
0.9305,0.9896
0.931,0.9896
0.9316,0.9896
0.9321,0.9896
0.9321,0.9899
0.9321,0.9901
0.9326,0.9901
0.9326,0.9903
0.9331,0.9903
0.9336,0.9903
0.9341,0.9903
0.9346,0.9903
0.9351,0.9903
0.9356,0.9903
0.9361,0.9903
0.9366,0.9903
0.9371,0.9903
0.9376,0.9903
0.9382,0.9903
0.9387,0.9903
0.9392,0.9903
0.9397,0.9903
0.9402,0.9903
0.9407,0.9903
0.9407,0.9906
0.9412,0.9906
0.9417,0.9906
0.9422,0.9906
0.9422,0.9908
0.9427,0.9908
0.9432,0.9908
0.9437,0.9908
0.9442,0.9908
0.9442,0.991
0.9442,0.9913
0.9447,0.9913
0.9453,0.9913
0.9453,0.9915
0.9458,0.9915
0.9463,0.9915
0.9468,0.9915
0.9468,0.9918
0.9468,0.992
0.9473,0.992
0.9478,0.992
0.9483,0.992
0.9488,0.992
0.9493,0.992
0.9498,0.992
0.9498,0.9922
0.9503,0.9922
0.9503,0.9925
0.9503,0.9927
0.9503,0.9929
0.9508,0.9929
0.9508,0.9932
0.9513,0.9932
0.9519,0.9932
0.9524,0.9932
0.9529,0.9932
0.9534,0.9932
0.9539,0.9932
0.9544,0.9932
0.9549,0.9932
0.9554,0.9932
0.9554,0.9934
0.9559,0.9934
0.9564,0.9934
0.9569,0.9934
0.9574,0.9934
0.9574,0.9937
0.9579,0.9937
0.9584,0.9937
0.959,0.9937
0.959,0.9939
0.959,0.9941
0.9595,0.9941
0.96,0.9941
0.96,0.9944
0.9605,0.9944
0.961,0.9944
0.961,0.9946
0.961,0.9948
0.9615,0.9948
0.962,0.9948
0.962,0.9951
0.9625,0.9951
0.963,0.9951
0.9635,0.9951
0.9635,0.9953
0.964,0.9953
0.9645,0.9953
0.965,0.9953
0.9655,0.9953
0.9661,0.9953
0.9666,0.9953
0.9666,0.9955
0.9671,0.9955
0.9676,0.9955
0.9681,0.9955
0.9686,0.9955
0.9691,0.9955
0.9696,0.9955
0.9696,0.9958
0.9701,0.9958
0.9701,0.996
0.9706,0.996
0.9711,0.996
0.9716,0.996
0.9721,0.996
0.9727,0.996
0.9732,0.996
0.9737,0.996
0.9742,0.996
0.9747,0.996
0.9752,0.996
0.9757,0.996
0.9757,0.9963
0.9757,0.9965
0.9762,0.9965
0.9762,0.9967
0.9767,0.9967
0.9772,0.9967
0.9777,0.9967
0.9782,0.9967
0.9787,0.9967
0.9787,0.997
0.9792,0.997
0.9798,0.997
0.9803,0.997
0.9803,0.9972
0.9808,0.9972
0.9813,0.9972
0.9818,0.9972
0.9823,0.9972
0.9828,0.9972
0.9828,0.9974
0.9833,0.9974
0.9833,0.9977
0.9833,0.9979
0.9838,0.9979
0.9838,0.9982
0.9843,0.9982
0.9843,0.9984
0.9843,0.9986
0.9843,0.9989
0.9843,0.9991
0.9843,0.9993
0.9848,0.9993
0.9853,0.9993
0.9858,0.9993
0.9864,0.9993
0.9869,0.9993
0.9874,0.9993
0.9879,0.9993
0.9879,0.9996
0.9884,0.9996
0.9889,0.9996
0.9889,0.9998
0.9894,0.9998
0.9899,0.9998
0.9899,1
0.9904,1
0.9909,1
0.9914,1
0.9919,1
0.9924,1
0.9929,1
0.9935,1
0.994,1
0.9945,1
0.995,1
0.9955,1
0.996,1
0.9965,1
0.997,1
0.9975,1
0.998,1
0.9985,1
0.999,1
0.9995,1
1,1
